Município;IBGE - Código;IBGE - Gentílico;IBGE - Prefeito [2025];IBGE - Área Territorial - km² [2025];IBGE - População no último censo - pessoas [2022];IBGE - Densidade demográfica - hab/km² [2022];IBGE - População estimada - pessoas [2026];IBGE - Escolarização 6 a 14 anos - % [2022];IBGE - IDHM [2010];IBGE - Mortalidade infantil - óbitos por mil nascidos vivos [2025];IBGE - Total de receitas brutas realizadas - R$ [2025];IBGE - Total de despesas brutas empenhadas - R$ [2025];IBGE - PIB per capita - R$ [2023];TAXA LESÃO CORPORAL;TAXA AMEAÇA;Possui Delegacia da Mulher?;Possui CAPS?;Quantidade de CAPS;Modalidades de CAPS;Regional de Saúde;Macrorregional de Saúde;LESFEM - Feminicídios consumados 2025;LESFEM - Tentativas de feminicídio 2025;LESFEM - Total de registros 2025;LESFEM - Registros fonte Imprensa 2025;LESFEM - Registros fonte SINESP 2025;SENASP - Feminicídios consumados 2025;SENASP - Tentativas de feminicídio 2025;SENASP - Total vítimas feminicídio/tentativa 2025
CURITIBA;4106902;curitibano;EDUARDO PIMENTEL SLAVIERO;435,406;1773718;4078,53;1832183;98,48;0,823;8,12;14698202927;14541135876;67691,3;242,99;175,91;Sim;Sim;14;"CAPS II; CAPS III; CAPS AD; CAPS AD III; CAPS Infantil";2ª Regional de Saúde - Metropolitana (Curitiba);Leste;19;21;40;28;12;12;25;37
LONDRINA;4113700;londrinense;JOSÉ TIAGO CAMARGO DO AMARAL;1647,796;555965;336,42;584465;98,47;0,778;10,99;3938155556;4214542342;50362,05;234,68;208,62;Sim;Sim;3;"CAPS III; CAPS AD; CAPS Infantil";17ª Regional de Saúde - Londrina;Norte;1;5;6;5;1;1;2;3
CASCAVEL;4104808;cascavelense;RENATO DA SILVA;2094,263;348051;166,44;372026;99,15;0,782;8,35;2241214991;2132841227;55176,33;316,78;252,18;Sim;Sim;4;"CAPS III; CAPS AD; CAPS Infantil; SIMPR (CAPS AD III)";10ª Regional de Saúde - Cascavel;Oeste;4;9;13;12;1;4;5;9
COLOMBO;4105805;colombense;HELDER LUIZ LAZAROTTO;197,369;232212;1175,28;242698;98,49;0,733;12,18;1037699734;1027987752;32853,49;312,79;183,01;Não;Sim;2;"CAPS II; CAPS AD";2ª Regional de Saúde - Metropolitana (Curitiba);Leste;3;4;7;5;2;1;1;2
PONTA GROSSA;4119905;ponta-grossense;ELIZABETH SILVEIRA SCHMIDT;2044,902;358371;174,41;378527;99,12;0,763;8,92;2118843136;1869826766;71387,82;450,14;349,24;Sim;Sim;3;"CAPS II; CAPS AD; CAPS Infantil";3ª Regional de Saúde - Ponta Grossa;Leste;4;9;13;13;0;0;3;3
FOZ DO IGUACU;4108304;iguaçuense;JOAQUIM SILVA E LUNA;606,501;285415;468,51;299112;98,28;0,751;9,33;2267170483;2231385339;59468,67;269,77;194,59;Sim;Sim;2;"CAPS II; CAPS AD";9ª Regional de Saúde - Foz do Iguaçu;Oeste;7;5;12;9;3;3;2;5
SAO JOSE DOS PINHAIS;4125506;são-joseense;MARGARIDA MARIA SINGER;945,509;329628;348,28;353874;99,06;0,758;8,11;2580590888;2390935588;103019,05;319,13;223,06;Sim;Sim;3;"CAPS II; CAPS AD; CAPS Infantil";2ª Regional de Saúde - Metropolitana (Curitiba);Leste;3;2;5;5;0;3;3;6
MARINGA;4115200;maringaense;SILVIO MAGALHAES BARROS II;487,912;409657;841,16;432635;99,3;0,808;7,95;3497693161;3050775629;67903,99;172,58;144,47;Sim;Sim;4;"CAPS II; CAPS III; CAPS AD; CAPS Infantil";15ª Regional de Saúde - Maringá;Noroeste;1;7;8;8;0;1;2;3
PARANAGUA;4118204;parnanguara;ADRIANO RAMOS;821,427;145829;177,23;150436;98,86;0,75;16,4;1277499148;1124542976;104860,51;504,34;348,80;Não;Sim;1;CAPS I;1ª Regional de Saúde - Paranaguá;Leste;3;3;6;5;1;2;3;5
GUARAPUAVA;4109401;guarapuavano;DENILSON BAITALA;3163,893;182093;57,48;190542;98,85;0,731;13,1;1143971739;998543969,1;54170,74;418,25;339,83;Sim;Sim;4;"CAPS II; CAPS AD; SIMPR (CAPS AD III); CAPS Infantil";5ª Regional de Saúde - Guarapuava;Leste;0;7;7;6;1;0;4;4
PIRAQUARA;4119509;piraquarense;MARCUS MAURICIO DE SOUZA TESSEROLLI;225,065;118730;522,94;129035;99,19;0,7;10,3;583128318,6;525721759,6;16015,58;446,85;247,82;Não;Sim;2;"CAPS II; CAPS AD";2ª Regional de Saúde - Metropolitana (Curitiba);Leste;2;3;5;2;3;1;2;3
ALMIRANTE TAMANDARE;4100400;tamandareense;CAMILO DANIEL LOVATO;193,736;119825;616,93;127031;98,36;0,699;14,49;469814308,5;432867643,6;18715,79;322,31;215,88;Não;Sim;1;CAPS II;2ª Regional de Saúde - Metropolitana (Curitiba);Leste;2;3;5;4;1;1;2;3
FAZENDA RIO GRANDE;4107652;fazendense;MARCO ANTONIO MARCONDES SILVA;116,41;148873;1275,93;170123;99,08;0,72;8,04;842879714,4;707851588,6;27805,32;272,80;251,08;Não;Sim;1;CAPS II;2ª Regional de Saúde - Metropolitana (Curitiba);Leste;0;1;1;0;1;0;1;1
ARAUCARIA;4101804;araucariano;LUIZ GUSTAVO BOTOGOSKI;469,549;151666;323,22;164291;99,26;0,74;9,4;2122533669;1768143609;224671,66;369,17;330,90;Sim;Sim;2;"CAPS II; CAPS AD";2ª Regional de Saúde - Metropolitana (Curitiba);Leste;2;5;7;3;4;1;5;6
PATO BRANCO;4118501;pato-branquense;GERI NATALINO DUTRA;539,154;91836;170,35;99041;98,67;0,782;8,59;735827016,9;670537492,7;63350,93;343,92;181,94;Sim;Sim;1;CAPS II;7ª Regional de Saúde - Pato Branco;Oeste;2;3;5;4;1;1;1;2
FRANCISCO BELTRAO;4108403;beltronense;ANTONIO PEDRON;731,379;96666;131,5;103424;98,78;0,774;11,81;693880249;658221201,5;46814,84;442,18;333,91;Sim;Sim;2;"CAPS II; CAPS AD";8ª Regional de Saúde - Francisco Beltrão;Oeste;3;4;7;6;1;2;2;4
PINHAIS;4119152;pinhaiense;ROSA MARIA DE JESUS COLOMBO;61,008;127019;2086,76;131857;98,66;0,751;12,47;910297638,8;920673932,3;77567,93;407,45;319,17;Não;Sim;2;"CAPS II; CAPS AD";2ª Regional de Saúde - Metropolitana (Curitiba);Leste;0;1;1;1;0;0;0;0
CAMPO LARGO;4104204;campo-larguense;MAURICIO ROBERTO RIVABEM;1239,801;136327;109,63;146002;99,35;0,745;12,8;894777800,3;818350242,6;51863,48;266,03;207,98;Não;Sim;2;"CAPS II; CAPS AD";2ª Regional de Saúde - Metropolitana (Curitiba);Leste;1;3;4;3;1;1;1;2
TOLEDO;4127700;toledano;MARIO CESAR COSTENARO;1197,223;150470;125,6;162658;99,68;0,768;11,66;1235679207;1168779403;63192,47;220,50;218,66;Sim;Sim;3;"CAPS II; CAPS AD; SIMPR (CAPS AD III)";20ª Regional de Saúde - Toledo;Oeste;2;0;2;2;0;2;0;2
UMUARAMA;4128104;umuaramense;ANTONIO FERNANDO SCANAVACA;1233,997;117095;94,85;124077;99,19;0,761;13,9;864268791,6;810217868,7;43528,72;219,94;176,57;Sim;Sim;2;"CAPS II; CAPS AD";12ª Regional de Saúde - Umuarama;Noroeste;0;2;2;1;1;0;2;2
MATINHOS;4115705;matinhense;EDUARDO ANTONIO DALMORA;117,479;39259;332,99;42671;98,92;0,743;12,66;378581278,8;314697653,9;29246,91;316,01;190,18;Não;Sim;1;CAPS I;1ª Regional de Saúde - Paranaguá;Leste;1;2;3;2;1;1;1;2
CAMBE;4103701;cambeense;CONRADO ANGELO SCHELLER;499,583;107208;216,42;111553;98,22;0,734;15,36;675580273,3;623183219,9;63159,21;568,65;438,92;Não;Sim;2;"CAPS II; CAPS Infantil";17ª Regional de Saúde - Londrina;Norte;1;1;2;1;1;1;1;2
UNIAO DA VITORIA;4128203;união-vitoriense;ARY CARNEIRO JUNIOR;727,443;55033;76,43;56701;98,74;0,74;8,51;344202402,9;356215245;40400,71;234,71;161,01;Sim;Sim;1;CAPS I;6ª Regional de Saúde - União da Vitória;Leste;1;0;1;1;0;0;0;0
SARANDI;4126256;sarandiense;CARLOS ALBERTO DE PAULA JÚNIOR;103,942;118455;1144,48;130211;97,99;0,695;12,33;606726068,9;493138575,4;20249,8;643,42;485,31;Não;Sim;1;CAPS II;15ª Regional de Saúde - Maringá;Noroeste;1;3;4;4;0;1;1;2
GUARATUBA;4109609;guaratubano;MAURICIO LENSE;1320,951;42062;31,7;45529;98,46;0,717;11,81;1155762112;336228650,6;29027,37;214,44;159,34;Não;Sim;1;CAPS I;1ª Regional de Saúde - Paranaguá;Leste;0;1;1;1;0;0;0;0
APUCARANA;4101408;apucaranense;RODOLFO MOTA DA SILVA;556,771;130134;233,64;135481;99,57;0,748;15,04;739554957,7;675331117,3;37146,42;230,85;210,60;Sim;Sim;2;"CAPS AD; CAPS Infantil";16ª Regional de Saúde - Apucarana;Norte;1;6;7;6;1;0;4;4
ARAPONGAS;4101507;araponguense;RAFAEL FELIPE CITA;383,37;119138;311,7;125767;96,34;0,748;10,62;764425062,6;692792099,7;47973,54;796,67;566,52;Não;Sim;2;"CAPS II; CAPS AD";16ª Regional de Saúde - Apucarana;Norte;1;10;11;9;2;1;7;8
CAMPO MOURAO;4104303;mourãoense;JOÃO DOUGLAS FABRÍCIO;748,054;99432;132,64;104881;99,15;0,757;7,35;766399909,9;716266360,6;60261,36;239,51;226,95;Sim;Sim;2;"CAPS II; CAPS AD";11ª Regional de Saúde - Campo Mourão;Noroeste;2;1;3;3;0;0;0;0
PONTAL DO PARANA;4119954;pontalense;RUDISNEY GIMENES FILHO;202,242;30425;151,81;33730;94,03;0,738;11,33;277495409,9;247018312,5;26613,26;274,31;184,95;Não;Não;0;;1ª Regional de Saúde - Paranaguá;Leste;0;4;4;2;2;0;3;3
PARANAVAI;4118402;paranavaiense;MAURÍCIO GEHLEN;1197,394;92001;76,52;96870;98,33;0,763;10,38;582412420,7;557566945,6;45540,43;609,47;602,44;Sim;Sim;3;"CAPS II; CAPS AD; CAPS Infantil";14ª Regional de Saúde - Paranavaí;Noroeste;1;0;1;1;0;1;0;1
PALMAS;4117602;palmense;DANIEL RICARDO LANGARO;1561,474;48247;30,97;50564;97,91;0,66;17,52;255520292,1;237432831,4;35819,06;394,39;250,83;Não;Sim;1;CAPS I;7ª Regional de Saúde - Pato Branco;Oeste;0;3;3;2;1;0;1;1
ROLANDIA;4122404;rolandense;AILTON APARECIDO MAÍSTRO;456,228;71670;156,14;76671;99,03;0,739;10,5;524577557,3;441230915,2;64220,79;635,12;491,91;Não;Sim;3;"CAPS II; CAPS AD; CAPS Infantil";17ª Regional de Saúde - Londrina;Norte;1;1;2;1;1;1;1;2
CAMPO MAGRO;4104253;campomagrense;RILTON BOZA;275,423;30160;109,53;32227;99,22;0,701;9,46;177432182;159354602,2;23228,87;437,67;208,94;Não;Sim;1;CAPS I;2ª Regional de Saúde - Metropolitana (Curitiba);Leste;0;0;0;0;0;0;0;0
MEDIANEIRA;4115804;medianeirense;ANTONIO FRANÇA BENJAMIM;326,67;54369;165,39;58681;90,75;0,763;6,02;383438095,8;349550303,1;55318,22;460,02;285,01;Não;Sim;1;CAPS I;9ª Regional de Saúde - Foz do Iguaçu;Oeste;1;1;2;1;1;1;1;2
IRATI;4110706;iratiense;EMILIANO AUGUSTO ROCHA GOMES;1000,188;59250;59,28;61192;99,85;0,726;10,23;370020324,7;322700932,9;47529,86;243,99;155,14;Não;Sim;1;CAPS II;4ª Regional de Saúde - Irati;Leste;1;0;1;1;0;1;0;1
LAPA;4113205;lapeano;DIEGO TIMBIRUSSU RIBAS;2100,392;45003;21,49;45877;99,21;0,706;5,66;382707093,8;293770343;58830,87;388,09;304,77;Não;Sim;1;CAPS I;2ª Regional de Saúde - Metropolitana (Curitiba);Leste;0;0;0;0;0;0;0;0
DOIS VIZINHOS;4107207;duovizinhense;LUIS CARLOS TURATTO;418,162;44869;107,18;48127;99,79;0,767;7,56;363664630,6;347779471,9;58150,9;227,72;206,78;Não;Sim;1;CAPS I;8ª Regional de Saúde - Francisco Beltrão;Oeste;0;1;1;1;0;0;1;1
CAMPINA GRANDE DO SUL;4104006;campinense-do-sul;LUIZ CARLOS ASSUNÇÃO;542,239;47825;88,69;51154;99,44;0,718;10,1;393083890,4;300962964,2;60047,41;328,11;249,52;Não;Sim;1;CAPS I;2ª Regional de Saúde - Metropolitana (Curitiba);Leste;0;1;1;0;1;0;1;1
CIANORTE;4105508;cianortense;MARCO ANTONIO FRANZATO;807,796;79527;97,98;83579;98,96;0,755;17,7;669484535;622962263,6;50130,1;195,89;151,43;Sim;Sim;2;"CAPS I; CAPS Infantil";13ª Regional de Saúde - Cianorte;Noroeste;0;0;0;0;0;0;0;0
IBIPORA;4109807;ibiporanense;JOSÉ MARIA FERREIRA;298,998;51603;173,31;53486;99,41;0,726;17,19;477919371,1;433405826,8;78248,45;323,53;281,78;Não;Sim;2;"CAPS I; CAPS Infantil";17ª Regional de Saúde - Londrina;Norte;1;1;2;2;0;1;0;1
TELEMACO BORBA;4127106;telêmaco-borbense;RITA MARA DE PAULA ARAUJO;1379,02;75042;54,27;77798;98,93;0,734;12,87;539793198,2;427301390,4;85411,18;296,08;353,71;Não;Sim;1;CAPS I;21ª Regional de Saúde - Telêmaco Borba;Leste;0;0;0;0;0;0;0;0
MARECHAL CANDIDO RONDON;4114609;rondonense;ADRIANO BACKES;743,593;55836;74,87;59291;98,07;0,774;6,75;493320107,1;481924790,5;70187,82;760,61;557,44;Não;Não;0;;20ª Regional de Saúde - Toledo;Oeste;0;8;8;5;3;0;5;5
CASTRO;4104907;castrense;REINALDO CARDOSO;2526,498;73075;28,87;76015;98,92;0,703;16,02;541290252;518544004,4;61820,06;244,31;259,69;Não;Sim;1;CAPS I;3ª Regional de Saúde - Ponta Grossa;Leste;0;4;4;2;2;0;2;2
RIO BRANCO DO SUL;4122206;rio-branquense;KARIME FAYAD;820,071;37558;46,29;40745;94,64;0,679;20,53;264497389,6;245828659,6;49279,13;443,39;297,70;Não;Sim;1;CAPS I;2ª Regional de Saúde - Metropolitana (Curitiba);Leste;2;0;2;2;0;2;0;2
LARANJEIRAS DO SUL;4113304;laranjeirense-do-sul;JAISON RODRIGO MENDES;677,933;32227;47,84;33267;98,79;0,706;19,48;216031438,5;203375103,1;38195,42;252,67;235,70;Não;Sim;1;CAPS I;5ª Regional de Saúde - Guarapuava;Leste;1;1;2;1;1;1;0;1
QUEDAS DO IGUACU;4120903;quedas-iguaçuense;RAFAEL CIRYLLO CHIAPETTI ALVES DE MOURA;822,345;30738;37,42;31431;98,28;0,681;17,07;194562589,8;171987440,1;62721,88;347,29;287,23;Não;Não;0;;10ª Regional de Saúde - Cascavel;Oeste;1;0;1;1;0;0;0;0
ASSIS CHATEAUBRIAND;4102000;assis-chateaubriense;MARCEL HENRIQUE MICHELETTO;980,816;36808;37,53;38591;99,74;0,729;4,77;301647063,8;277018942,7;55252,41;288,20;173,80;Não;Sim;1;CAPS I;20ª Regional de Saúde - Toledo;Oeste;0;0;0;0;0;0;0;0
PAICANDU;4117503;paiçanduense;ISMAEL BATISTA;170,824;45962;268,19;49694;99,64;0,716;14,83;217093742,8;209745008,5;29205,9;426,92;279,14;Não;Sim;1;CAPS I;15ª Regional de Saúde - Maringá;Noroeste;1;1;2;2;0;1;1;2
MORRETES;4116208;morretense;SEBASTIÃO BRINDAROLLI JUNIOR;686,489;18309;26,74;19248;98,6;0,686;5,18;137204513;119980563,2;29204,87;233,42;155,61;Não;Não;0;;1ª Regional de Saúde - Paranaguá;Leste;0;0;0;0;0;0;0;0
LOANDA;4113502;loandense;JOSE MARIA PEREIRA FERNANDES;722,091;23225;32,15;24090;98,56;0,725;6,67;185192756,3;175167390,1;39155,41;346,36;301,95;Não;Sim;1;CAPS I;14ª Regional de Saúde - Paranavaí;Noroeste;0;1;1;0;1;0;1;1
ITAPERUCU;4111258;itaperuçuense;EDILSON RUIZ DE FREITAS;322,553;31217;96,65;33763;98,61;0,637;11,6;157253575,4;140383695,4;25618,02;449,98;265,17;Não;Sim;1;CAPS I;2ª Regional de Saúde - Metropolitana (Curitiba);Leste;0;0;0;0;0;0;0;0
IMBITUVA;4110102;imbituvense;BERTOLDO ROVER;758,099;29924;39,55;30940;99,12;0,66;20,18;214297093,7;179022148,4;50241,2;417,13;240,04;Não;Sim;1;CAPS I;4ª Regional de Saúde - Irati;Leste;0;1;1;1;0;0;0;0
SANTO ANTONIO DA PLATINA;4124103;platinense;GILSON DE JESUS ESTEVES;720,385;44369;61,5;45730;99,04;0,718;8,33;251133278,4;213079778,7;41422,7;319,60;357,95;Não;Sim;1;CAPS I;19ª Regional de Saúde - Jacarezinho;Norte;0;2;2;1;1;0;1;1
CORONEL VIVIDA;4106506;coronel-vividense;ANDERSON MANIQUE BARRETO;683,799;23331;34,09;24107;99,54;0,723;12,86;203020322,1;191610226,1;47552,24;371,35;183,76;Não;Sim;2;"CAPS I; SIMPR (CAPS AD III)";7ª Regional de Saúde - Pato Branco;Oeste;0;0;0;0;0;0;0;0
BANDEIRANTES;4102406;bandeirantense;JAELSON RAMALHO MATTA;445,192;31273;70,25;31690;99,78;0,727;11,36;174530167,1;165220312,5;43559,41;417,78;314,41;Não;Sim;1;CAPS I;18ª Regional de Saúde - Cornélio Procópio;Norte;0;1;1;0;1;0;1;1
JAGUARIAIVA;4112009;jaguariaivense;JOSÉ SLOBODA;1443,264;35141;24,18;36575;100;0,743;14,35;290196402,9;245252706,8;58693,11;291,85;228,01;Não;Sim;1;CAPS I;3ª Regional de Saúde - Ponta Grossa;Leste;0;0;0;0;0;0;0;0
CHOPINZINHO;4105409;chopinzinhense;ÁLVARO DÊNIS CENI SCOLARO;961,682;21085;21,97;21690;98,89;0,74;8,9;221727748,4;198042306,3;56739,86;577,17;312,63;Não;Sim;1;CAPS I;7ª Regional de Saúde - Pato Branco;Oeste;1;0;1;1;0;1;0;1
SAO MIGUEL DO IGUACU;4125704;são-miguelense;BOAVENTURA MANOEL JOAO MOTTA;852,133;29122;34,18;30624;98,88;0,704;14,15;278990864,3;281192025,6;50972,2;331,31;265,05;Não;Sim;1;CAPS I;9ª Regional de Saúde - Foz do Iguaçu;Oeste;1;0;1;1;0;1;0;1
SAO MATEUS DO SUL;4125605;são-mateuense;FERNANDA GARCIA SARDANHA;1344,742;42366;31,58;43558;98,93;0,719;15,38;337409303,5;297220266,2;45653,17;287,52;345,03;Não;Sim;1;CAPS I;6ª Regional de Saúde - União da Vitória;Leste;1;0;1;1;0;1;0;1
JACAREZINHO;4111803;jacarezinhense;MARCELO JOSE BERNARDELI PALHARES;603,383;40375;67,01;41571;100;0,743;17,54;264051457,6;250134791,4;48470,43;123,26;155,69;Sim;Sim;2;"CAPS II; CAPS AD";19ª Regional de Saúde - Jacarezinho;Norte;0;3;3;3;0;0;0;0
IVAIPORA;4111506;ivaiporãnense;LUIZ CARLOS GIL;436,378;32720;74,88;33619;99,92;0,73;20,57;225809732;206047646,7;34910,34;393,29;426,76;Não;Sim;1;CAPS I;22ª Regional de Saúde - Ivaiporã;Norte;0;2;2;2;0;0;0;0
CORNELIO PROCOPIO;4106407;procopense;RAPHAEL DIAS SAMPAIO;636,59;45206;71,18;45614;99,73;0,759;8,77;276716362,5;228726584,2;52697,46;393,35;397,54;Sim;Sim;2;"CAPS II; SIMPR (CAPS AD III)";18ª Regional de Saúde - Cornélio Procópio;Norte;0;0;0;0;0;0;0;0
PRUDENTOPOLIS;4120606;prudentopolitano;ADELMO LUIZ KLOSOWSKI;2257,861;49393;21,98;50988;99,79;0,676;14,33;316549535,3;266029453,5;38587,32;157,95;202,11;Não;Sim;2;"CAPS I; CAPS AD";5ª Regional de Saúde - Guarapuava;Leste;1;2;3;3;0;0;0;0
PALMEIRA;4117701;palmeirense;ALTAMIR SANSON;1473,233;33855;23,03;35054;98,41;0,718;11,14;277290273,9;267196311,3;65573,86;303,22;316,26;Não;Sim;1;CAPS I;3ª Regional de Saúde - Ponta Grossa;Leste;1;1;2;2;0;1;0;1
GOIOERE;4108601;goio-erense;PEDRO ANTÔNIO DE OLIVEIRA COELHO;563,954;28437;50,41;28895;99;0,731;6,43;209680777,8;180905289,1;46969,32;355,67;271,53;Não;Sim;1;CAPS I;11ª Regional de Saúde - Campo Mourão;Noroeste;0;1;1;1;0;0;0;0
GUAIRA;4108809;guairense;GILEADE GABRIEL OSTI;563,414;32097;56,94;33145;99,39;0,724;12,82;288328733,2;274877422,7;44828,06;186,28;216,65;Não;Sim;1;CAPS I;20ª Regional de Saúde - Toledo;Oeste;2;0;2;2;0;2;0;2
COLORADO;4105904;colorado;ROSIMEIRE CHIQUIM;408,533;22896;56,18;23347;99,08;0,73;18,38;208040253,6;185191741,4;51174,35;463,52;302,30;Não;Sim;1;CAPS I;15ª Regional de Saúde - Maringá;Noroeste;0;0;0;0;0;0;0;0
QUATRO BARRAS;4120804;quatro-barrense;LORENO BERNARDO TOLARDO;181,565;24191;134,04;25663;99,49;0,742;7,63;254517278,2;212862940,3;96572,32;377,52;230,70;Não;Sim;1;CAPS I;2ª Regional de Saúde - Metropolitana (Curitiba);Leste;0;1;1;1;0;0;0;0
PALOTINA;4117909;palotinense;RODRIGO RIBEIRO;651,237;35011;53,76;37431;98,98;0,768;8,52;364981615,9;317270992,5;105626,67;585,07;476,22;Não;Sim;1;CAPS I;20ª Regional de Saúde - Toledo;Oeste;1;1;2;0;2;1;1;2
CAFELANDIA;4103453;cafelandense;JUNIOR MOTTER;275,17;18997;69,1;20411;99,11;0,748;9,35;192122359,9;170624226;142008,42;274,10;175,03;Não;Não;0;;10ª Regional de Saúde - Cascavel;Oeste;0;0;0;0;0;0;0;0
SANTA HELENA;4123501;santa-helenense;CLADEMAR JOAO MARASKIN;753,997;25492;33,78;26601;98,25;0,744;7,81;417126651,8;388031552,6;64374,87;279,50;167,02;Não;Não;0;;20ª Regional de Saúde - Toledo;Oeste;1;1;2;0;2;1;1;2
SANTO ANTONIO DO SUDOESTE;4124400;santo-antoniense;RICARDO ANTONIO ORTINA;327,008;23673;72,69;25273;98,67;0,671;7,46;174754636,4;156721911,3;33999,34;444,22;388,69;Não;Sim;1;CAPS I;8ª Regional de Saúde - Francisco Beltrão;Oeste;0;1;1;0;1;0;1;1
CLEVELANDIA;4105706;clevelandense;RAFAELA MARTINS LOSI;703,973;15070;21,42;14699;88,72;0,694;9,48;147664200,6;116918379,2;60754,81;227,12;221,37;Não;Não;0;;7ª Regional de Saúde - Pato Branco;Oeste;0;0;0;0;0;0;0;0
ANTONINA;4101200;antoninense;ROZANE MARISTELA BENEDETTI OSAKI;890,065;18091;20,29;18091;99,12;0,687;28,25;178795153,7;146902815,1;55368,68;608,30;423,50;Não;Não;0;;1ª Regional de Saúde - Paranaguá;Leste;0;0;0;0;0;0;0;0
MANDAGUARI;4114203;mandaguariense;IVONÉIA DE ANDRADE APARECIDO FURTADO;335,912;36716;109,33;38564;98,39;0,751;10,89;279247950,9;225668582,8;79434,03;198,31;174,83;Não;Sim;1;CAPS I;15ª Regional de Saúde - Maringá;Noroeste;0;0;0;0;0;0;0;0
CRUZEIRO DO OESTE;4106605;cruzeirense;ARMANDO CERCI JUNIOR;776,101;23831;30,71;25071;100;0,717;8,23;165776354,2;139270272,3;45708,09;179,05;198,41;Não;Não;0;;12ª Regional de Saúde - Umuarama;Noroeste;0;0;0;0;0;0;0;0
PITANGA;4119608;pitanguense;DIRCEU MORAES;1687,454;33567;20,18;34583;98,85;0,702;12,66;234570619,8;192765995,8;43017,52;195,84;193,15;Não;Sim;1;CAPS I;5ª Regional de Saúde - Guarapuava;Leste;0;2;2;1;1;0;1;1
MARMELEIRO;4115408;marmeleirense;JANDER LUIZ LOSS;388,538;15901;41,02;16728;98,9;0,722;10,15;119834378,7;102864523,9;46437,51;661,63;372,75;Não;Sim;2;"CAPS I; SIMPR (CAPS AD III)";8ª Regional de Saúde - Francisco Beltrão;Oeste;1;0;1;1;0;1;0;1
BELA VISTA DO PARAISO;4102802;bela-vistense;FABRICIO PASTORE;246,225;14833;61,12;14967;96,56;0,716;5,81;123779050,7;109747736,6;38026,96;456,94;360,41;Não;Sim;1;CAPS I;17ª Regional de Saúde - Londrina;Norte;0;0;0;0;0;0;0;0
SANTA TEREZINHA DE ITAIPU;4124053;itaipuense;ANTONIO LUIZ BENDO;270,949;24262;90,44;25510;99,34;0,738;13,56;204350983;181993660,3;31536,73;190,56;243,03;Não;Sim;1;CAPS I;9ª Regional de Saúde - Foz do Iguaçu;Oeste;0;0;0;0;0;0;0;0
UBIRATA;4128005;ubiratense;FABIO DE OLIVEIRA DALECIO;653,097;24749;37,92;25928;99,32;0,739;9,52;218403436,3;207894915,8;86060,93;213,84;176,11;Não;Sim;1;CAPS I;11ª Regional de Saúde - Campo Mourão;Noroeste;0;0;0;0;0;0;0;0
ANDIRA;4101101;andiraense;EDNYRA APARECIDA SANCHES BUENO DE GODOY FERREIRA;234,635;19878;84,25;19944;99,54;0,725;10;167255793,6;157767520;43322,9;157,13;194,11;Não;Sim;1;CAPS I;18ª Regional de Saúde - Cornélio Procópio;Norte;0;2;2;1;1;0;1;1
REALEZA;4121406;realezense;PAULO CEZAR CASARIL;353,922;19247;54,46;20276;98,02;0,722;4,08;146118294;127531680,9;49825,25;195,48;189,64;Não;Sim;1;CAPS I;8ª Regional de Saúde - Francisco Beltrão;Oeste;0;1;1;1;0;0;0;0
AMPERE;4101002;amperense;DOUGLAS DIEMS MOROCKOSKI POTRICH;297,174;19620;65,76;20479;94,47;0,709;10,38;156853028,3;131882428,7;51028,26;342,00;222,82;Não;Não;0;;8ª Regional de Saúde - Francisco Beltrão;Oeste;0;0;0;0;0;0;0;0
FAXINAL;4107603;faxinalense;HERMES ANTONIO SANTA ROSA;716,804;16389;22,89;16548;99,29;0,687;21,93;120492942,9;108677303,7;38140,13;436,92;410,03;Não;Não;0;;16ª Regional de Saúde - Apucarana;Norte;0;2;2;0;2;0;2;2
BITURUNA;4102901;biturenense;RODRIGO ROSSONI;1280,76;15533;12,58;15615;98,35;0,667;12,1;163631431,3;148927752;42256,96;486,24;314,18;Não;Não;0;;6ª Regional de Saúde - União da Vitória;Leste;0;0;0;0;0;0;0;0
RIO NEGRO;4122305;rio-negrense;ALESSANDRO CRISTIAN VON LINSINGEN;604,477;31324;51,85;31954;99,1;0,76;7,02;236572880,9;200580216,1;46487,19;455,29;362,81;Não;Sim;1;CAPS I;2ª Regional de Saúde - Metropolitana (Curitiba);Leste;0;0;0;0;0;0;0;0
NOVA LONDRINA;4117107;nova-londrinense;LUIZ GUSTAVO MAIOR BONO;272,27;12923;47,97;13065;97,58;0,758;-;121181179,8;107072305,9;55592,2;317,04;287,31;Não;Não;0;;14ª Regional de Saúde - Paranavaí;Noroeste;0;0;0;0;0;0;0;0
PIRAI DO SUL;4119400;piraiense;HENRIQUE DE OLIVEIRA CARNEIRO;1349,154;23651;17,58;23991;99,41;0,708;6,71;193483130,3;180770944,7;60939,33;385,93;263,42;Não;Sim;1;CAPS I;3ª Regional de Saúde - Ponta Grossa;Leste;0;1;1;1;0;0;1;1
PINHAO;4119301;pinhãoense;VALDECIR BIASEBETTI;2003,799;29886;14,93;30431;98,19;0,654;10,46;222869572,6;197543537,6;61938,97;308,61;284,12;Não;Sim;1;CAPS I;5ª Regional de Saúde - Guarapuava;Leste;0;0;0;0;0;0;0;0
MANGUEIRINHA;4114401;mangueirinhense;LEANDRO DORINI;1058,357;16603;15,73;16709;98,9;0,688;9,13;185341636,3;159667851,6;112613,05;240,99;187,44;Não;Sim;1;CAPS I;7ª Regional de Saúde - Pato Branco;Oeste;1;0;1;1;0;1;0;1
BOCAIUVA DO SUL;4103107;bocaiuvense;JOAO DE LIMA;809,682;13299;16,11;13541;98,99;0,64;5,24;91276669,53;74864142,87;22971,54;1001,59;492,85;Não;Não;0;;2ª Regional de Saúde - Metropolitana (Curitiba);Leste;0;0;0;0;0;0;0;0
TIJUCAS DO SUL;4127601;tijuquense / tijucano;JOSÉ ALTAIR MOREIRA;672,599;17621;26,23;18646;98,61;0,636;9,09;152518327;141384985,5;31449,71;229,65;185,20;Não;Não;0;;2ª Regional de Saúde - Metropolitana (Curitiba);Leste;0;0;0;0;0;0;0;0
ORTIGUEIRA;4117305;ortigueirense;ARY DE OLIVEIRA MATTOS;2431,67;24192;9,96;24808;99,52;0,609;13,2;309618015;245845004,6;148490;374,19;374,19;Não;Sim;1;CAPS I;21ª Regional de Saúde - Telêmaco Borba;Leste;1;0;1;1;0;1;0;1
NOVA ESPERANCA;4116901;nova-esperancense;JOAO EDUARDO PASQUINI;402,051;26585;66,2;27140;98;0,722;15,09;187805170,6;173996580,5;47150,58;240,46;236,58;Não;Sim;1;CAPS I;15ª Regional de Saúde - Maringá;Noroeste;2;1;3;3;0;2;0;2
CAPANEMA;4104501;capanemense;NEIVOR KESSLER;415,961;20481;48,88;21208;99,82;0,706;7,27;158251132,3;129278417,6;77763,81;386,63;274,38;Não;Sim;1;CAPS I;8ª Regional de Saúde - Francisco Beltrão;Oeste;0;0;0;0;0;0;0;0
ASTORGA;4102109;astorgano;SUZIE APARECIDA PUCILLO ZANATTA;435,21;25475;58,59;26262;98,28;0,747;3,51;198769981,3;169135005,2;45723,88;322,58;249,74;Não;Sim;1;CAPS I;15ª Regional de Saúde - Maringá;Noroeste;0;0;0;0;0;0;0;0
IBAITI;4109708;ibaitiense;ROBERTO REGAZZO;902,797;28830;32,1;29465;99,26;0,71;5,54;197254528,4;160120186,2;42887,86;282,30;393,37;Não;Não;0;;19ª Regional de Saúde - Jacarezinho;Norte;0;1;1;0;1;0;1;1
MATELANDIA;4115606;matelandiense;GABRIEL DA SILVA CADINI;642,123;18450;28,84;19368;97,81;0,725;6,83;191143049;169517660,8;78092,93;568,77;436,06;Não;Não;0;;9ª Regional de Saúde - Foz do Iguaçu;Oeste;0;0;0;0;0;0;0;0
ARAPOTI;4101606;arapotiense;IRANI JOSE BARROS;1363,843;25777;18,98;26321;99,38;0,723;15,77;249491873,3;223880323,3;63347,91;179,53;236,39;Não;Sim;1;CAPS I;3ª Regional de Saúde - Ponta Grossa;Leste;0;0;0;0;0;0;0;0
MARIALVA;4114807;marialvense;FLAVIA CHERONI DA SILVA BRITA;474,954;41851;88;45360;99,28;0,735;8,16;309337503,3;262732642,3;70837,51;231,26;286,14;Não;Sim;1;CAPS I;15ª Regional de Saúde - Maringá;Noroeste;0;0;0;0;0;0;0;0
CORBELIA;4106308;corbeliano;THIAGO DAROSS STEFANELLO;527,607;17470;33,02;18004;98,66;0,738;4,74;173989634,9;180506875,3;56867,78;619,57;358,70;Não;Não;0;;10ª Regional de Saúde - Cascavel;Oeste;0;1;1;1;0;0;1;1
CONTENDA;4106209;contendense;ANTONIO ADAMIR DIGNER;296,488;19128;63,97;20205;99,05;0,681;4,95;141265837,3;135551731;32821,93;318,19;212,12;Não;Sim;1;CAPS I;2ª Regional de Saúde - Metropolitana (Curitiba);Leste;0;0;0;0;0;0;0;0
MANDAGUACU;4114104;mandaguaçuense;JOSE ROBERTO MENDES;293,792;31457;106,99;35253;98,63;0,718;11,47;192893591,7;176383424;31643,51;432,50;339,82;Não;Sim;1;CAPS I;15ª Regional de Saúde - Maringá;Noroeste;0;0;0;0;0;0;0;0
QUERENCIA DO NORTE;4121000;querenciano;ALEX SANDRO FERNANDES;911,72;10685;11,68;10560;96,96;0,688;18,52;81557127,88;73641396,19;32030,3;423,03;219,35;Não;Não;0;;14ª Regional de Saúde - Paranavaí;Noroeste;0;1;1;0;1;0;1;1
NOVA AURORA;4116703;nova-aurorense;JOSE APARECIDO DE PAULA E SOUZA;471,176;13765;29,25;14448;98,8;0,733;-;135031359,6;126633195,7;75612,98;297,23;181,64;Não;Não;0;;10ª Regional de Saúde - Cascavel;Oeste;0;0;0;0;0;0;0;0
MANDIRITUBA;4114302;mandiritubense;FELIPE CLAUDINO MACHADO;378,818;27439;72,36;29437;98,47;0,655;14,79;167032741,6;147910758,3;29207,79;213,28;280,42;Não;Sim;1;CAPS I;2ª Regional de Saúde - Metropolitana (Curitiba);Leste;1;0;1;1;0;1;0;1
JAGUAPITA;4111902;jaguapitãense;EDISON RODRIGUES DE ALMEIDA;475,004;15122;31,84;16085;99,44;0,715;15,87;133901290,2;122323618,9;96051,01;147,44;127,96;Não;Não;0;;17ª Regional de Saúde - Londrina;Norte;1;0;1;1;0;1;0;1
ITAPEJARA DO OESTE;4111209;itapejarense;VILMAR SCHMOLLER;251,364;12344;48,6;12980;98,43;0,731;6,17;114500150,1;100473747,8;78624,87;537,47;304,23;Não;Não;0;;7ª Regional de Saúde - Pato Branco;Oeste;1;0;1;1;0;1;0;1
REBOUCAS;4121505;reboucense;LAERCIO ANTONIO CIPRIANO;485,184;14514;30,12;14846;99,27;0,672;15,31;115300108,6;102066977,9;43802,69;448,31;344,86;Não;Não;0;;4ª Regional de Saúde - Irati;Leste;0;0;0;0;0;0;0;0
WENCESLAU BRAZ;4128500;brazense;LUIZ CARLOS VIDAL;397,685;19188;48,22;19392;100;0,687;14,49;131232334,2;124400545,8;39986,24;355,32;291,36;Não;Não;0;;19ª Regional de Saúde - Jacarezinho;Norte;0;0;0;0;0;0;0;0
TAPEJARA;4126801;tapejarense;RONALDO ADRIANO VILAS BOAS;590,927;15869;26,83;16404;100;0,703;15,46;139261193,9;106245524,4;46073,66;419,82;293,87;Não;Não;0;;13ª Regional de Saúde - Cianorte;Noroeste;0;0;0;0;0;0;0;0
PEABIRU;4118808;peabiruense;JOSÉ MARCOS GONÇALVES LOPES;467,542;13346;28,48;13476;99,37;0,723;6,58;5832982,78;6884907,68;39764,19;371,86;178,49;Não;Não;0;;11ª Regional de Saúde - Campo Mourão;Noroeste;0;1;1;1;0;0;0;0
JANDAIA DO SUL;4112108;jandaiense-do-sul;BENEDITO JOSE PUPIO;188,103;21408;114,12;22000;95,8;0,747;12,4;153349762,8;135536340,7;44978,71;203,41;162,73;Não;Não;0;;16ª Regional de Saúde - Apucarana;Norte;1;2;3;1;2;1;1;2
BALSA NOVA;4102307;balsa-novense;CLEVER APARECIDO IAVOLSKI POLETTO;347,588;13395;38,39;13994;99,25;0,696;-;135033006,5;100909513;97201,65;364,78;262,64;Não;Não;0;;2ª Regional de Saúde - Metropolitana (Curitiba);Leste;0;0;0;0;0;0;0;0
SALTO DO LONTRA;4123006;salto-lontrense;FERNANDO ALBERTO CADORE;311,974;15223;48,68;15800;99,61;0,718;6,33;115107041,8;102316132,3;41283,22;273,71;262,54;Não;Não;0;;8ª Regional de Saúde - Francisco Beltrão;Oeste;0;3;3;1;2;0;3;3
CARAMBEI;4104659;carambiense;ELISANGELA PEDROSO DE OLIVEIRA NUNES;647,021;23283;35,84;24721;99,86;0,728;18,42;209259816,9;191833420,1;85465,6;243,22;228,33;Não;Não;0;;3ª Regional de Saúde - Ponta Grossa;Leste;0;2;2;1;1;0;1;1
VITORINO;4128708;vitorinense;MARCIANO VOTTRI;308,08;9706;31,49;10724;97,79;0,702;6,8;93513007,22;80274010,02;65013,87;493,98;257,28;Não;Não;0;;7ª Regional de Saúde - Pato Branco;Oeste;0;1;1;1;0;0;0;0
FLORESTOPOLIS;4108007;florestopolitano;ONICIO DE SOUZA;246,853;11446;46,37;11667;97,18;0,701;33,61;86485607,55;74756722,54;54502,22;222,55;232,02;Não;Sim;1;CAPS I;17ª Regional de Saúde - Londrina;Norte;0;0;0;0;0;0;0;0
SERTANOPOLIS;4126504;sertanopolense;ANA RUTH SECCO MATTESCO;505,489;15930;31,51;16228;99,66;0,723;18,18;123626357,7;113592302,1;54232,95;312,58;217,45;Não;Não;0;;17ª Regional de Saúde - Londrina;Norte;0;2;2;0;2;0;2;2
SANTA CRUZ DE MONTE CASTELO;4123303;monte-castelense;WILLIAN CEZAR VIEGA;444,966;8613;19,49;8872;99,74;0,71;20,83;70713812,88;62460064,79;44952,45;432,09;338,16;Não;Não;0;;14ª Regional de Saúde - Paranavaí;Noroeste;0;0;0;0;0;0;0;0
RESERVA;4121703;reservense;LUCAS MACHADO RIBEIRO;1646,103;24573;15,02;24856;98;0,618;2,88;184060782,9;177572068,4;31106,12;372,68;291,66;Não;Não;0;;21ª Regional de Saúde - Telêmaco Borba;Leste;1;0;1;1;0;1;0;1
CARLOPOLIS;4104709;carlopolitano;NILTON DOUGLAS DE MEIRA;454,169;16905;37,45;17985;98,51;0,713;14,08;96088748,3;71933659,45;34061,74;383,60;281,31;Não;Não;0;;19ª Regional de Saúde - Jacarezinho;Norte;0;1;1;0;1;0;1;1
SANTA IZABEL DO OESTE;4123808;santa-izabelense;JEAN PIERR CATTO;321,003;14070;43,81;14519;97,49;0,696;-;119487131,1;101351396,8;36537,21;448,07;376,78;Não;Não;0;;8ª Regional de Saúde - Francisco Beltrão;Oeste;0;0;0;0;0;0;0;0
RIO AZUL;4122008;rio-azulense;LEANDRO JASINSKI;596,17;14025;23,41;14174;100;0,687;-;127475484,6;107064549,1;71086,79;182,35;111,89;Não;Não;0;;4ª Regional de Saúde - Irati;Leste;0;0;0;0;0;0;0;0
BARRACAO;4102604;barraconense;JORGE LUIZ SANTIN;161,806;9759;60,53;9904;100;0,706;8,55;86590444,6;79383342,93;33128,04;212,02;177,51;Não;Não;0;;8ª Regional de Saúde - Francisco Beltrão;Oeste;1;0;1;0;1;1;0;1
CENTENARIO DO SUL;4105102;centenariense;MELQUIADES TAVIAN JUNIOR;370,629;10832;29,13;10881;98,99;0,668;10;86837029,88;77068967,82;34760,43;171,07;203,66;Não;Não;0;;17ª Regional de Saúde - Londrina;Norte;0;0;0;0;0;0;0;0
MOREIRA SALES;4116109;moreira-salense;LUIZ ANTONIO VOLPATO;356,711;11175;31,59;10955;100;0,675;17,24;96869020;83961889,53;34192,25;289,67;261,41;Não;Não;0;;11ª Regional de Saúde - Campo Mourão;Noroeste;0;0;0;0;0;0;0;0
GUARANIACU;4109302;guaraniaçuano;JURACI RONALDO CAZELLA;1237,77;13735;11,09;13718;98,89;0,677;18,29;129345608,4;111009040,4;43991,58;529,65;413,38;Não;Não;0;;10ª Regional de Saúde - Cascavel;Oeste;0;0;0;0;0;0;0;0
TIBAGI;4127502;tibagiano;RILDO EMANOEL LEONARDI;2996,47;19961;6,7;20408;99,32;0,664;12,2;224153992,9;181564219,8;72572,74;368,90;341,23;Não;Sim;1;CAPS I;21ª Regional de Saúde - Telêmaco Borba;Leste;0;0;0;0;0;0;0;0
SAO JOAO;4124806;são-joanense;CLOVIS MATEUS CUCCOLOTTO;387,15;11886;30,63;12377;98,49;0,727;6,29;130561121,9;97828365,72;102656,75;368,60;221,16;Não;Não;0;;7ª Regional de Saúde - Pato Branco;Oeste;0;0;0;0;0;0;0;0
GENERAL CARNEIRO;4108502;carneirense;JOEL RICARDO MARTINS FERREIRA;1068,369;11062;10,33;10531;98,76;0,652;-;110367413,5;104664714,8;39531,18;294,49;228,23;Não;Não;0;;6ª Regional de Saúde - União da Vitória;Leste;1;0;1;1;0;1;0;1
SAO JORGE DO OESTE;4125209;são-jorgense ou jorgense;GELSON COELHO DO ROSÁRIO;379,442;9378;24,71;9605;100;0,722;9,62;108100850,6;98171231,58;56677,43;524,41;228,59;Não;Não;0;;8ª Regional de Saúde - Francisco Beltrão;Oeste;0;0;0;0;0;0;0;0
JATAIZINHO;4112702;jatainhense;WILSON FERNANDES;161,132;11813;74,21;11992;99,39;0,687;12,35;97443740,07;82833169,72;25520,19;272,29;314,18;Não;Não;0;;17ª Regional de Saúde - Londrina;Norte;2;1;3;3;0;2;0;2
CANTAGALO;4104451;cantagalense;JOAO KONJUNSKI;568,929;10933;18,74;10548;98,12;0,635;6,02;67033603,6;63685040,87;35372,19;432,04;343,41;Não;Não;0;;5ª Regional de Saúde - Guarapuava;Leste;0;0;0;0;0;0;0;0
CAMBARA;4103602;cambaraense;WALCIR JOAQUIM;367,462;23212;63,39;23352;100;0,721;4,85;161677922,4;134329534,2;42457,02;191,55;348,72;Não;Não;0;;19ª Regional de Saúde - Jacarezinho;Norte;0;0;0;0;0;0;0;0
SANTA TEREZA DO OESTE;4124020;santa-terezense;AMARILDO RIGOLIN;327,737;13174;40,39;14113;99,26;0,705;-;112362777,4;101018288,8;54145,66;163,60;146,38;Não;Não;0;;10ª Regional de Saúde - Cascavel;Oeste;0;0;0;0;0;0;0;0
SANTA FE;4123402;santa-feense;EDSON PALOTTA NETTO;276,262;11378;41,19;11789;99,59;0,705;8,47;96591193,38;82198980,72;39541,74;448,11;212,26;Não;Não;0;;15ª Regional de Saúde - Maringá;Noroeste;0;0;0;0;0;0;0;0
RONDON;4122602;rondonense;ROBERTO APARECIDO CORREDATO;557,257;9097;16,39;9261;99,6;0,713;9,17;76416917,09;71668818,37;59221,26;400,04;315,82;Não;Não;0;;13ª Regional de Saúde - Cianorte;Noroeste;0;0;0;0;0;0;0;0
ALTONIA;4100509;altoniano;DIEGO JARDIM PERGO;663,955;18742;28,33;18525;98,08;0,721;-;143288509,6;130405415,3;29153,82;83,82;103,67;Não;Não;0;;12ª Regional de Saúde - Umuarama;Noroeste;0;0;0;0;0;0;0;0
TERRA BOA;4127205;terra-bonense;VALTER PERES;323,63;17568;54,75;18278;99,72;0,728;22,42;177151159,4;137935195;40409,98;199,00;274,30;Não;Sim;1;CAPS I;11ª Regional de Saúde - Campo Mourão;Noroeste;0;0;0;0;0;0;0;0
ALTO PARANA;4100608;alto-paranaense;CLAUDEMIR JOIA PEREIRA;409,014;13909;34,11;14198;99,69;0,696;6,45;119017249,1;100901241,6;40453,42;388,94;367,92;Não;Não;0;;14ª Regional de Saúde - Paranavaí;Noroeste;0;0;0;0;0;0;0;0
FLORESTA;4107900;florestense;ROGERIO PEREIRA MENDES;158,334;10458;66,1;11801;99,6;0,736;12,35;88856046,52;78349102,09;34828,85;544,63;378,21;Não;Não;0;;15ª Regional de Saúde - Maringá;Noroeste;0;0;0;0;0;0;0;0
IBEMA;4109757;ibemense;VIVIANE COMIRAN;146,547;6218;42,75;6352;98,21;0,685;10,64;51157332,76;45375826,49;33465,91;231,68;132,39;Não;Não;0;;10ª Regional de Saúde - Cascavel;Oeste;0;0;0;0;0;0;0;0
BORRAZOPOLIS;4103305;borrazopolitano;ADILSON LUCCHETTI;338,354;7735;23,13;7809;100;0,717;-;71199620,85;58974399,4;38327,77;361,09;288,87;Não;Não;0;;16ª Regional de Saúde - Apucarana;Norte;0;0;0;0;0;0;0;0
TRES BARRAS DO PARANA;4127858;tribarrense;GERSO FRANCISCO GUSSO;506,963;11135;22,03;11115;99,24;0,681;13,79;112197913,4;105834565,3;40731,89;231,37;163,32;Não;Não;0;;10ª Regional de Saúde - Cascavel;Oeste;0;1;1;1;0;0;1;1
SABAUDIA;4122701;sabaudiense;EDSON HUGO MANUEIRA;191,252;8822;46,35;9678;99,78;0,74;23,62;91937479,79;84184284,44;84033,62;526,48;371,63;Não;Não;0;;16ª Regional de Saúde - Apucarana;Norte;0;1;1;0;1;0;1;1
TERRA ROXA;4127403;terra-roxense;IVAN REIS DA SILVA;801,135;18119;22,63;18719;99,23;0,714;21,74;177196183,9;153786558,1;50852,69;255,16;92,79;Não;Não;0;;20ª Regional de Saúde - Toledo;Oeste;0;0;0;0;0;0;0;0
JOAQUIM TAVORA;4112801;tavorense;GELSON MANSUR NASSAR;288,922;11945;41,31;12415;100;0,7;12,9;99139321,82;90698355,85;73021,84;297,75;288,73;Não;Não;0;;19ª Regional de Saúde - Jacarezinho;Norte;0;0;0;0;0;0;0;0
CAPITAO LEONIDAS MARQUES;4104600;leônidas-marquesiense;MAXWELL SCAPINI;280,109;14648;52,3;14754;99,28;0,716;4,69;124518496,9;112400952,3;88764,32;311,76;321,21;Não;Não;0;;10ª Regional de Saúde - Cascavel;Oeste;2;0;2;2;0;1;0;1
TUNAS DO PARANA;4127882;tunense;MARCO ANTONIO BALDÃO;670,899;6219;9,3;6859;100;0,611;-;66507009,71;53699150,75;22908,32;476,19;297,62;Não;Não;0;;2ª Regional de Saúde - Metropolitana (Curitiba);Leste;0;0;0;0;0;0;0;0
SANTA ISABEL DO IVAI;4123709;santa-isabelense;JOÃO CARLOS DA SILVA MENDES;349,425;8912;25,5;9052;98,89;0,72;10,75;78928743,41;70755088,46;32954,62;380,73;261,75;Não;Não;0;;14ª Regional de Saúde - Paranavaí;Noroeste;0;0;0;0;0;0;0;0
PRIMEIRO DE MAIO;4120507;primaiense;BRUNO EDUARDO SANTA ROSA BAUERMAMM ESTEVAM;410,378;10082;24,33;10018;98,97;0,701;-;90445010,74;79894962,1;45871,5;329,05;329,05;Não;Não;0;;17ª Regional de Saúde - Londrina;Norte;0;1;1;0;1;0;1;1
MALLET;4113908;malletense;PEDRO KOWALCZYK;758,509;13428;17,66;13698;98,55;0,708;5,92;103240138,1;86815957,43;72484,08;294,69;248,64;Não;Não;0;;4ª Regional de Saúde - Irati;Leste;0;0;0;0;0;0;0;0
JARDIM ALEGRE;4112504;jardim-alegrense;MOISES LNORTOVZ DOS SANTOS;425,371;12004;29,04;12118;98,46;0,689;15,63;89359465,68;76027597,22;35358,97;224,18;175,14;Não;Não;0;;22ª Regional de Saúde - Ivaiporã;Norte;1;0;1;1;0;1;0;1
ENGENHEIRO BELTRAO;4107504;engenheiro-beltrense;ADALMIR JOSÉ GARBIM JÚNIOR;470,825;12454;26,64;12258;99,28;0,73;8,47;288721084,7;75584771,66;56098,46;169,68;148,47;Não;Não;0;;11ª Regional de Saúde - Campo Mourão;Noroeste;0;0;0;0;0;0;0;0
ALVORADA DO SUL;4100806;alvoradense-do-sul;MARCOS ANTONIO GASPARELLI;424,25;10326;24,34;10483;99,3;0,708;12,2;98949998,52;101510239,2;42266,4;290,72;327,06;Não;Não;0;;17ª Regional de Saúde - Londrina;Norte;0;0;0;0;0;0;0;0
PORECATU;4120002;porecatuense;AGAMEMNON AUGUSTO ARAUJO PADUAN;291,663;11624;39,85;11113;98,36;0,738;23,81;88360534,53;72060191,66;63054,76;254,66;271,09;Não;Não;0;;17ª Regional de Saúde - Londrina;Norte;0;0;0;0;0;0;0;0
PARANACITY;4118105;paranacitense;JOSE CLAUDIO BATISTA;348,152;9557;27,41;9506;100;0,717;14,49;83491357,12;76478170,9;54160,22;225,47;174,56;Não;Não;0;;15ª Regional de Saúde - Maringá;Noroeste;0;2;2;0;2;0;2;2
MARILUZ;4115101;mariluzense;PAULO ARMANDO DA SILVA ALVES;430,432;9847;22,73;9886;99,26;0,639;15,15;93559754,13;90996550,48;41023,34;105,56;153,23;Não;Não;0;;12ª Regional de Saúde - Umuarama;Noroeste;0;1;1;1;0;0;0;0
CAMPINA DA LAGOA;4103909;campinense-da-lagoa;GIANNY JOSE GRACIOSO BENTO;798,991;15723;19,74;16035;98,55;0,704;13,89;115223541,6;106260071,2;42893,99;125,16;153,42;Não;Não;0;;11ª Regional de Saúde - Campo Mourão;Noroeste;0;1;1;1;0;0;0;0
INACIO MARTINS;4110201;inácio-martinense;EDMUNDO VIER;938,126;9670;10,33;9477;98,66;0,6;8,2;111039817,7;90768139,09;25847,91;265,67;203,68;Não;Não;0;;4ª Regional de Saúde - Irati;Leste;0;2;2;0;2;0;2;2
CRUZ MACHADO;4106803;cruz-machadense;CARLOS NOWAK;1474,202;15978;10,81;15632;99,36;0,664;9,48;122674655,1;100010151,4;31791,46;162,25;178,47;Não;Não;0;;6ª Regional de Saúde - União da Vitória;Leste;0;0;0;0;0;0;0;0
CATANDUVAS;4105003;catanduvense;ADEMAR LUIZ BURCKHARDT;578,494;10446;18;10636;99,32;0,678;-;87216828,29;79652488,77;39602,22;191,33;184,95;Não;Não;0;;10ª Regional de Saúde - Cascavel;Oeste;0;0;0;0;0;0;0;0
JESUITAS;4112751;jesuitense;EDICARLOS GRIZOTTO DE OLIVEIRA;246,606;10506;42,45;11047;100;0,705;21,51;82447144,24;64415468,1;52977,91;558,66;250,43;Não;Não;0;;10ª Regional de Saúde - Cascavel;Oeste;1;0;1;1;0;0;0;0
IPORA;4110607;iporãense;ROBERTO DA SILVA;648,624;15746;24,3;16149;100;0,706;10,2;126239203,7;106068559,9;53982,44;175,76;345,45;Não;Não;0;;12ª Regional de Saúde - Umuarama;Noroeste;1;0;1;1;0;1;0;1
VENTANIA;4128534;ventaniense;JOSE LUIZ BITTENCOURT;819,334;9681;11,82;9742;98,75;0,65;-;86979414,61;83530330,9;39126,52;493,13;193,73;Não;Não;0;;21ª Regional de Saúde - Telêmaco Borba;Leste;0;1;1;0;1;0;1;1
RESERVA DO IGUACU;4121752;reservense do iguaçu;VITORIO ANTUNES DE PAULA;833,085;6553;7,86;6447;98,09;0,648;29,13;80675119,05;78888290,18;39346,76;421,12;225,60;Não;Não;0;;5ª Regional de Saúde - Guarapuava;Leste;0;0;0;0;0;0;0;0
QUITANDINHA;4121208;quitandinhense;JOSÉ RIBEIRO DE MOURA;446,597;18398;41,16;18963;98,56;0,68;24,51;138433903,6;109469928,2;32311,04;163,34;105,01;Não;Não;0;;2ª Regional de Saúde - Metropolitana (Curitiba);Leste;0;0;0;0;0;0;0;0
PEROBAL;4118857;perobalense;CRISTIANO CEZAR MERLINI DE ALBUQUERQUE;409,062;7189;17,57;7691;99,53;0,713;11,9;63248038,85;53870879,24;49373,82;248,34;150,78;Não;Não;0;;12ª Regional de Saúde - Umuarama;Noroeste;0;0;0;0;0;0;0;0
PALMITAL;4117800;palmitalense;ROBERTO CARLOS ROSSI;821,733;13033;15,94;12766;99,21;0,639;-;105683253,1;101927157,5;31211,59;127,98;187,40;Não;Não;0;;5ª Regional de Saúde - Guarapuava;Leste;0;0;0;0;0;0;0;0
ITAGUAJE;4110904;itaguajeense;RENATO FELIX DE SOUZA;195,493;4481;23,06;4525;98,75;0,707;-;59097528,86;53837796,2;36664,75;400,74;143,12;Não;Não;0;;15ª Regional de Saúde - Maringá;Noroeste;0;0;0;0;0;0;0;0
IMBAU;4110078;imbauense;DAYANE SOVINSKI RODRIGUES;331,94;14249;43,08;15235;94,87;0,622;-;77416071,05;68896340,68;22490,76;173,42;241,55;Não;Não;0;;21ª Regional de Saúde - Telêmaco Borba;Leste;0;0;0;0;0;0;0;0
AGUDOS DO SUL;4100301;agudense-do-sul ou agudense;GENEZIO GONÇALVES DA LUZ;191,336;10233;53,22;10891;98,51;0,66;13,79;87520155,45;73999997;27302,69;709,76;405,58;Não;Não;0;;2ª Regional de Saúde - Metropolitana (Curitiba);Leste;0;0;0;0;0;0;0;0
SIQUEIRA CAMPOS;4126603;siqueirense;LUIZ HENRIQUE GERMANO;277,112;22811;82,04;24299;99,32;0,704;23,18;167884144,5;136597546,2;37311,87;191,02;240,54;Não;Não;0;;19ª Regional de Saúde - Jacarezinho;Norte;1;1;2;1;1;1;0;1
CAMBIRA;4103800;cambirense;ANA LÚCIA DE OLIVEIRA;166,274;9460;57,41;10182;99,51;0,725;18,52;69396729,6;62805044,53;36931,02;452,41;335,12;Não;Sim;1;CAPS I;16ª Regional de Saúde - Apucarana;Norte;1;0;1;0;1;1;0;1
CALIFORNIA;4103503;californiano;PAULO SÉRGIO CHILEIDE;141,817;8710;61,42;9002;99,58;0,722;9,52;69968838,84;55733606,05;28817,34;277,78;164,61;Não;Não;0;;16ª Regional de Saúde - Apucarana;Norte;0;0;0;0;0;0;0;0
BOA VISTA DA APARECIDA;4103057;boa-vistense;EDUARDO JOSE HENRICHS;265,636;7924;29,77;8022;98,22;0,67;-;85502113,47;83565806,35;28071,29;241,18;267,98;Não;Não;0;;10ª Regional de Saúde - Cascavel;Oeste;1;0;1;1;0;1;0;1
SAO JOAO DO IVAI;4125001;são-joanense;FÁBIO HIDEK MIURA;351,885;10667;30,19;10586;100;0,693;-;93794026,07;73549903,77;38494,18;254,53;264,32;Não;Não;0;;22ª Regional de Saúde - Ivaiporã;Norte;0;0;0;0;0;0;0;0
LUIZIANA;4113734;luizianense;EDSON LISS;915,604;6690;7,3;6619;99,01;0,668;-;90690973,54;74597156,54;89587,6;189,05;130,88;Não;Não;0;;11ª Regional de Saúde - Campo Mourão;Noroeste;0;1;1;0;1;0;1;1
JAPURA;4112405;japuraense;ADRIANA CRISTINA POLIZER;165,185;9144;55,36;9430;100;0,712;-;91731429,45;79824272,27;48327,59;337,44;363,40;Não;Não;0;;13ª Regional de Saúde - Cianorte;Noroeste;0;0;0;0;0;0;0;0
IPIRANGA;4110508;ipiranguense;DOUGLAS DAVI CRUZ;902,385;14142;15,7;14321;99,69;0,652;15,79;130307460,2;112602735,9;54879,34;290,80;290,80;Não;Não;0;;3ª Regional de Saúde - Ponta Grossa;Leste;0;1;1;1;0;0;0;0
CIDADE GAUCHA;4105607;cidade-gauchense ou citadino;ALEXANDRE LUCENA;402,241;11467;28,45;11730;98,71;0,718;-;87271982,09;81977451,38;54113,89;273,37;315,42;Não;Não;0;;13ª Regional de Saúde - Cianorte;Noroeste;0;1;1;0;1;0;1;1
ALTO PIQUIRI;4100707;alto-piquirense;GIOVANE MENDES DE CARVALHO;448,373;9727;21,73;9744;99,04;0,676;-;87081619,4;79978977,33;50230,67;411,39;506,33;Não;Não;0;;12ª Regional de Saúde - Umuarama;Noroeste;0;0;0;0;0;0;0;0
TERRA RICA;4127304;terra-riquense;AGNALDO DE SOUZA COSTA;698,25;14842;21,18;14938;98,95;0,71;12,42;148586358,3;132590488;36352,67;155,35;180,20;Não;Não;0;;14ª Regional de Saúde - Paranavaí;Noroeste;0;0;0;0;0;0;0;0
SAO JOAO DO TRIUNFO;4125100;triunfense;MARIO CEZAR DA SILVA;718,68;13726;19,05;13900;100;0,629;25;105480990;92367403,55;63813,74;312,58;250,06;Não;Não;0;;3ª Regional de Saúde - Ponta Grossa;Leste;0;0;0;0;0;0;0;0
PARAISO DO NORTE;4118006;paraisense-do-norte;CARLOS ALBERTO VIZZOTTO;205,222;13245;64,75;13819;100;0,746;11,49;114529720,9;98443581,58;40273,86;203,38;252,20;Não;Não;0;;14ª Regional de Saúde - Paranavaí;Noroeste;0;0;0;0;0;0;0;0
MAMBORE;4114005;mamborense;SEBASTIÃO ANTONIO MARTINEZ;787,33;13452;17,07;13519;99,21;0,719;19,35;129946908,7;111834968,4;63873,13;207,57;257,39;Não;Sim;1;CAPS I;11ª Regional de Saúde - Campo Mourão;Noroeste;0;0;0;0;0;0;0;0
IVAI;4111407;ivaiense;ORLI ANTONIO CAMARGO DE CRISTO;600,209;13229;21,76;13501;99,6;0,651;14,78;98874422,65;88251967,54;53751,06;397,27;317,81;Não;Não;0;;3ª Regional de Saúde - Ponta Grossa;Leste;0;0;0;0;0;0;0;0
CAMPO DO TENENTE;4104105;tenentiano;WEVERTON WILLIAN VIZENTIN;303,956;7508;24,66;7717;99,1;0,686;-;64771317,51;59910355,03;40846,17;461,17;221,36;Não;Não;0;;2ª Regional de Saúde - Metropolitana (Curitiba);Leste;0;0;0;0;0;0;0;0
SAUDADE DO IGUACU;4126272;saudadense;ROGERIO GALLINA;152,084;6108;40,16;6479;98,52;0,699;24,39;80601644,58;61972630,19;187201,61;456,53;266,31;Não;Não;0;;7ª Regional de Saúde - Pato Branco;Oeste;0;0;0;0;0;0;0;0
SANTA MARIANA;4123907;santa-marianense;JOSE MARCELO PIOVAN GUIMARAES;425,703;11066;25,9;10856;96,01;0,7;19,05;88556999,99;80430211,08;44999,22;163,41;299,58;Não;Não;0;;18ª Regional de Saúde - Cornélio Procópio;Norte;0;1;1;1;0;0;1;1
PLANALTO;4119806;planaltense;LUIZ CARLOS BONI;347,974;14374;41,51;14766;99,7;0,706;7,3;128642301,6;104000857,5;36597,18;159,53;152,88;Não;Não;0;;8ª Regional de Saúde - Francisco Beltrão;Oeste;0;0;0;0;0;0;0;0
PIEN;4119103;pienense;MAICON GROSSKOPF;256,501;13655;53,59;14557;98,6;0,694;17,24;126227512,2;127787837,1;62484,45;285,75;214,31;Não;Não;0;;2ª Regional de Saúde - Metropolitana (Curitiba);Leste;1;0;1;1;0;1;0;1
MISSAL;4116059;missalense;ADILTO LUIS FERRARI;326,214;11064;34,11;11459;100;0,711;7,35;137432437,7;127322825,2;44894,11;150,90;188,62;Não;Não;0;;9ª Regional de Saúde - Foz do Iguaçu;Oeste;0;1;1;1;0;0;1;1
MAUA DA SERRA;4115754;mauaense da serra;GIVANILDO LOPES;107,535;9383;86,62;9740;99,24;0,652;24,24;87078307,56;73127248,08;56188,01;512,38;362,94;Não;Não;0;;16ª Regional de Saúde - Apucarana;Norte;0;0;0;0;0;0;0;0
CANDIDO DE ABREU;4104402;cândido-abreuense;RENAN MENCK ROMANICHEN;1506,15;15244;10,09;14995;98,78;0,629;-;106441109,5;96026187,7;31175,22;371,69;433,64;Não;Não;0;;22ª Regional de Saúde - Ivaiporã;Norte;0;0;0;0;0;0;0;0
ARARUNA;4101705;ararunense;GUSTAVO FRANÇA DOS SANTOS;492,521;14485;29,37;14958;99,36;0,704;12,05;104709799,2;95544220,6;43548,25;663,35;608,07;Não;Não;0;;11ª Regional de Saúde - Campo Mourão;Noroeste;0;0;0;0;0;0;0;0
TEIXEIRA SOARES;4127007;teixeira-soarense;IVANOR LUIZ MULLER;902,334;9547;10,57;9495;99,55;0,671;25,42;98972642,71;92159878,44;66312,25;210,22;265,06;Não;Não;0;;4ª Regional de Saúde - Irati;Leste;0;0;0;0;0;0;0;0
ITAUNA DO SUL;4111308;itaunense;GILSON JOSÉ DE GOIS;127,002;3572;27,72;3606;100;0,656;-;53768606,19;42329418;42504,16;380,92;198,74;Não;Não;0;;14ª Regional de Saúde - Paranavaí;Noroeste;0;0;0;0;0;0;0;0
FRANCISCO ALVES;4108320;alvense;ALIRIO JOSÉ MISTURA;320,119;8116;25,21;8677;99,34;0,669;13,16;79386626,8;67909180,18;31307,33;263,64;252,18;Não;Não;0;;12ª Regional de Saúde - Umuarama;Noroeste;0;0;0;0;0;0;0;0
TOMAZINA;4127809;tomazinense;CEZAR BUENO DE MELO;591,939;8426;14,25;8500;98,63;0,699;-;69864573,27;69235266,6;41593,23;804,39;548,45;Não;Não;0;;19ª Regional de Saúde - Jacarezinho;Norte;0;0;0;0;0;0;0;0
TAMARANA;4126678;tamaranense;LUZIA HARUE SUZUKAWA;473,283;10707;22,68;10444;98,02;0,621;28,25;93556697,27;81878038,14;44325,79;317,83;288,93;Não;Não;0;;17ª Regional de Saúde - Londrina;Norte;0;0;0;0;0;0;0;0
RIO BONITO DO IGUACU;4122156;rio bonitense;SEZAR AUGUSTO BOVINO;684,695;13929;20,44;14345;99,56;0,629;22,99;160388262,8;103575276,6;36921,86;275,90;326,06;Não;Não;0;;5ª Regional de Saúde - Guarapuava;Leste;1;0;1;1;0;1;0;1
PRANCHITA;4120358;pranchitense / pranchitano;RONIMAR ELEANDRO SARTOR;226,089;5737;25,37;5838;99,54;0,752;-;69649425,04;59303645,09;66007,87;485,01;264,55;Não;Não;0;;8ª Regional de Saúde - Francisco Beltrão;Oeste;0;0;0;0;0;0;0;0
NOVA PRATA DO IGUACU;4117255;pratense;ELIZETE CAVAZIN;352,055;12699;36,02;13482;99,79;0,716;7,58;127624807,5;128771421,7;44107,75;156,09;234,14;Não;Não;0;;8ª Regional de Saúde - Francisco Beltrão;Oeste;1;0;1;1;0;1;0;1
NOVA OLIMPIA;4117206;novaolimpiense;LUIZ LAZARO SORVOS;136,347;5833;42,78;6002;100;0,71;13,51;63007625,23;57852699,07;22756,95;203,89;139,02;Não;Não;0;;12ª Regional de Saúde - Umuarama;Noroeste;0;0;0;0;0;0;0;0
MANOEL RIBAS;4114500;manoel-ribense;JOSE CARLOS DA SILVA CORONA;571,451;14240;24,93;14740;99,95;0,716;21,19;103181278,4;92638686,84;46081,2;154,25;147,23;Não;Não;0;;22ª Regional de Saúde - Ivaiporã;Norte;0;0;0;0;0;0;0;0
CERRO AZUL;4105201;cerro-azulense;EDSON CORDEIRO DO NASCIMENTO;1353,255;16134;12,03;15681;98,85;0,573;-;124590493,6;116710858,5;23181,48;152,37;159,29;Não;Não;0;;2ª Regional de Saúde - Metropolitana (Curitiba);Leste;0;0;0;0;0;0;0;0
CANDOI;4104428;candoianos;ALDOINO GOLDONI FILHO;1509,719;14973;9,9;15173;99,65;0,635;5,1;135332592,5;120127847,8;60204,94;446,70;345,18;Não;Não;0;;5ª Regional de Saúde - Guarapuava;Leste;1;1;2;2;0;1;1;2
ASSAI;4101903;assaiense;MICHEL ANGELO BOMTEMPO;440,347;13797;31,33;13320;97,56;0,728;20,98;114166350;98687637,44;46183,5;139,50;253,63;Não;Não;0;;17ª Regional de Saúde - Londrina;Norte;0;0;0;0;0;0;0;0
ADRIANOPOLIS;4100202;adrianopolitano ou adrianopolense;VANDIR DE OLIVEIRA ROSA;1343,898;6256;4,64;6312;99,64;0,667;15,87;76704812,4;66169223,08;74669;459,58;250,68;Não;Não;0;;2ª Regional de Saúde - Metropolitana (Curitiba);Leste;0;0;0;0;0;0;0;0
VERE;4128609;vereense;PAULO ROBERTO WEISSHEIMER;312,744;7932;25,44;8080;99,62;0,72;9,43;78606921,23;67135493,92;76503,8;416,01;316,96;Não;Não;0;;8ª Regional de Saúde - Francisco Beltrão;Oeste;0;0;0;0;0;0;0;0
RIBEIRAO DO PINHAL;4121901;ribeiro-pinhalense;DARTAGNAN CALIXTO FRAIZ;374,754;13060;34,85;13129;100;0,701;13,79;80925224,74;63017578,35;37360,89;200,52;296,00;Não;Não;0;;18ª Regional de Saúde - Cornélio Procópio;Norte;0;0;0;0;0;0;0;0
RENASCENCA;4121604;renascenseano;FABIELI MANFREDI;425,947;6845;16,1;6947;99,76;0,733;-;80988873,35;72234638,91;67212,82;187,94;125,29;Não;Não;0;;8ª Regional de Saúde - Francisco Beltrão;Oeste;0;0;0;0;0;0;0;0
PINHALAO;4119202;pinhalense ou pinhalãoense;LUIZ EDUARDO DE CASTRO VANZELI;220,049;6566;29,76;6698;100;0,697;10,99;59764361,56;53991304,6;38365,93;273,90;313,03;Não;Não;0;;19ª Regional de Saúde - Jacarezinho;Norte;0;0;0;0;0;0;0;0
MARILANDIA DO SUL;4114906;marilandense;WALMIR PERES;384,42;8677;22,57;8750;100;0,691;-;72177029,48;62570640,26;58806,98;266,63;165,06;Não;Sim;1;CAPS I;16ª Regional de Saúde - Apucarana;Norte;0;0;0;0;0;0;0;0
ITAMBARACA;4111001;itambaracaense;AMARILDO TOSTES;207,342;5908;28,49;5766;99,62;0,694;-;53000851,66;53175759,94;47300,82;156,99;149,51;Não;Não;0;;18ª Regional de Saúde - Cornélio Procópio;Norte;0;0;0;0;0;0;0;0
IGUARACU;4110003;iguaraçuense;CLAUDIO APARECIDO BERNIN;164,54;5338;32,35;5777;97,38;0,758;35,71;65270011,27;53918878,3;50048,33;170,58;105,60;Não;Não;0;;15ª Regional de Saúde - Maringá;Noroeste;0;0;0;0;0;0;0;0
FIGUEIRA;4107751;figueirense;VALDECIR GARCIA;129,769;8062;62,13;8115;99,63;0,677;-;57263473,48;52505242,71;23775,93;200,78;200,78;Não;Não;0;;19ª Regional de Saúde - Jacarezinho;Norte;0;0;0;0;0;0;0;0
CURIUVA;4107009;curiuvense;CHRISTIANO GIUNTA BORGES;576,263;13647;23,68;13767;99,17;0,656;6,29;103836347,1;92056286,02;24397,6;145,58;263,43;Não;Não;0;;21ª Regional de Saúde - Telêmaco Borba;Leste;0;1;1;0;1;0;1;1
CONGONHINHAS;4106001;congonhinhense;JOSE OLEGARIO RIBEIRO LOPES;535,963;8320;15,52;8447;99,03;0,668;20,41;90078812,81;71258143,86;37201,52;465,74;598,80;Não;Não;0;;18ª Regional de Saúde - Cornélio Procópio;Norte;0;0;0;0;0;0;0;0
SENGES;4126306;sengeano;GERSON NUNES DA SILVA;1438,17;17270;11,98;17151;99,34;0,663;14,71;159394021,1;148397810,3;40007,2;227,12;442,88;Não;Não;0;;3ª Regional de Saúde - Ponta Grossa;Leste;0;1;1;0;1;0;1;1
SAO PEDRO DO IVAI;4125803;ivaiense;RILDO BERNARDES DE CAMARGO;323,213;8690;26,93;8423;99,39;0,717;27,03;82699025,98;69973929,2;52135,59;153,17;153,17;Não;Não;0;;16ª Regional de Saúde - Apucarana;Norte;0;0;0;0;0;0;0;0
SANTO INACIO;4124509;santo-inaciense;GENY VIOLATTO;278,541;6181;22,06;6521;99,22;0,739;11,9;67881666,72;63936408,4;135370,89;249,78;149,87;Não;Não;0;;15ª Regional de Saúde - Maringá;Noroeste;0;0;0;0;0;0;0;0
LUPIONOPOLIS;4113809;lupionopolense;JOSÉ CARLOS TIBÉRIO;121,661;4813;39,76;4942;99,51;0,71;-;46270603,44;38827955,14;34250,14;318,88;255,10;Não;Não;0;;17ª Regional de Saúde - Londrina;Norte;0;1;1;1;0;0;1;1
ICARAIMA;4109906;icaraimense;DEVAIR FABRIS;675,24;8991;13,32;9158;100;0,666;18,18;97295316,53;85755431,6;36603,92;212,99;266,24;Não;Não;0;;12ª Regional de Saúde - Umuarama;Noroeste;0;0;0;0;0;0;0;0
BARBOSA FERRAZ;4102505;barbosense;CARLOS ROSA ALVES;536,101;10795;20,04;10465;97,97;0,696;29,41;75370246,08;72347928,49;31695,71;464,90;325,43;Não;Não;0;;11ª Regional de Saúde - Campo Mourão;Noroeste;0;0;0;0;0;0;0;0
AMAPORA;4100905;amaporense;MARCOS MARIN;384,91;4762;12,38;4646;97,91;0,669;-;64368820,88;52208975,89;34418,01;230,55;219,02;Não;Não;0;;14ª Regional de Saúde - Paranavaí;Noroeste;0;0;0;0;0;0;0;0
TUPASSI;4127957;tupãssiense;JOSE CARLOS MARIUSSI;299,093;8077;26,94;8213;98,87;0,73;14,93;79764805,68;65002511,15;64432,01;1430,72;527,11;Não;Não;0;;20ª Regional de Saúde - Toledo;Oeste;0;0;0;0;0;0;0;0
RONCADOR;4122503;roncadorense;MARILIA PEROTTA BENTO GONÇALVES;741,709;11251;15,16;11321;98,96;0,681;21,58;116474527,1;101460748,2;56837,11;127,62;154,49;Não;Não;0;;11ª Regional de Saúde - Campo Mourão;Noroeste;0;0;0;0;0;0;0;0
PLANALTINA DO PARANA;4119707;planaltinense;CELSO MAGGIONI;356,276;4070;11,43;4123;100;0,705;19,61;52358044,68;46457531,43;36741,98;141,38;156,26;Não;Não;0;;14ª Regional de Saúde - Paranavaí;Noroeste;0;0;0;0;0;0;0;0
MARILENA;4115002;marilenense;CELIO LELIS DA MATA;231,349;7253;31,21;7474;99,26;0,681;-;87666049,19;79370076,55;32708,81;326,52;360,89;Não;Não;0;;14ª Regional de Saúde - Paranavaí;Noroeste;0;0;0;0;0;0;0;0
ITAIPULANDIA;4110953;itaipulandiense;LINDOLFO MARTINS RUI;328,207;11485;34,71;12267;100;0,738;20,83;258739896,8;250429604,1;49349,2;179,13;273,40;Não;Não;0;;9ª Regional de Saúde - Foz do Iguaçu;Oeste;0;0;0;0;0;0;0;0
CAMPINA DO SIMAO;4103958;campineiro do simão;ANDRÉ JUNIOR DE PAULA;448,033;3936;8,78;3945;100;0,63;14,29;71912635,06;58860817,96;49573,09;185,15;123,43;Não;Não;0;;5ª Regional de Saúde - Guarapuava;Leste;0;0;0;0;0;0;0;0
URAI;4128401;uraiense;ANGELO TARANTINI FILHO;235,855;10406;43,76;10242;99,28;0,721;22,22;67011173,71;62632347,96;37963,93;138,75;138,75;Não;Não;0;;18ª Regional de Saúde - Cornélio Procópio;Norte;0;0;0;0;0;0;0;0
TUNEIRAS DO OESTE;4127908;tuneirense;GUERINO MENDONÇA DOS SANTOS;705,229;8067;11,54;8028;99,42;0,695;21,28;74994706,51;68466760,17;36881,29;239,88;225,77;Não;Não;0;;13ª Regional de Saúde - Cianorte;Noroeste;0;0;0;0;0;0;0;0
SANTA MARIA DO OESTE;4123857;santa-mariense;OSCAR DELGADO;815,151;9934;11,87;9786;99,13;0,609;8,2;89713913,85;80064507,76;35195,52;160,50;245,47;Não;Sim;1;CAPS I;22ª Regional de Saúde - Ivaiporã;Norte;0;0;0;0;0;0;0;0
PRADO FERREIRA;4120333;prado ferreirense;SILVIO ANTONIO DAMACENO;152,876;3709;24,26;3833;98,86;0,71;-;51295854;45020314,5;56067,67;412,92;412,92;Não;Não;0;;17ª Regional de Saúde - Londrina;Norte;0;0;0;0;0;0;0;0
PEROLA;4118907;perolense;VALDETE CARLOS OLIVEIRA GONCALVES DA CUNHA;236,07;11878;50,29;12493;97,6;0,7;8,26;98262355,76;88264043,82;30647,08;126,43;178,49;Não;Não;0;;12ª Regional de Saúde - Umuarama;Noroeste;0;0;0;0;0;0;0;0
PAULO FRONTIN;4118709;frontinense;IRENEU INACIO ZACHARIAS;363,169;6343;17,46;6385;100;0,708;13,89;70572520,89;58507218,26;74705,21;287,50;186,03;Não;Não;0;;6ª Regional de Saúde - União da Vitória;Leste;0;0;0;0;0;0;0;0
NOVA FATIMA;4117008;fatimense;RENATA MONTENEGRO BALAN XAVIER;283,423;7225;25,49;7083;99,22;0,688;29,41;65707299,32;57585530,38;45319,52;175,31;237,19;Não;Não;0;;18ª Regional de Saúde - Cornélio Procópio;Norte;0;0;0;0;0;0;0;0
JAPIRA;4112306;japirense;HARIEL VIEIRA FOGAÇA;189,291;4972;26,47;5062;98,05;0,696;20;56438286,45;48822447,01;34179,34;729,30;514,80;Não;Não;0;;19ª Regional de Saúde - Jacarezinho;Norte;0;0;0;0;0;0;0;0
ENEAS MARQUES;4107405;enéas-marquense;EDSON LUPATINI;196,238;5999;31,21;6140;100;0,752;14,08;77798038,33;68666097,58;64920,82;505,05;445,63;Não;Não;0;;8ª Regional de Saúde - Francisco Beltrão;Oeste;0;0;0;0;0;0;0;0
ANGULO;4101150;angulense;ALEXANDRE DE SOUSA PROFETA;106,021;3235;30,51;3380;100;0,721;-;55599131,64;44580251,2;55572,79;165,68;155,93;Não;Não;0;;15ª Regional de Saúde - Maringá;Noroeste;0;0;0;0;0;0;0;0
SAO JOAO DO CAIUA;4124905;caiuense;STEFAN TOMÉ PAUKA;305,388;5586;18,35;5587;98,9;0,664;-;48393264,19;42558899,19;34310;222,35;152,86;Não;Não;0;;14ª Regional de Saúde - Paranavaí;Noroeste;0;2;2;0;2;0;2;2
IRETAMA;4110805;iretamense;SAME SAAB;570,716;10684;18,73;10836;99,5;0,665;7,81;109731976,4;88968470,98;38330,96;105,69;178,36;Não;Não;0;;11ª Regional de Saúde - Campo Mourão;Noroeste;0;1;1;1;0;0;0;0
FLOR DA SERRA DO SUL;4107850;sulflorense;VALMOR FELIPE JUNIOR;256,157;4364;17,07;4315;97,27;0,682;37,74;74870044,55;55936978,74;47286,15;147,75;120,05;Não;Não;0;;8ª Regional de Saúde - Francisco Beltrão;Oeste;0;0;0;0;0;0;0;0
BOM SUCESSO;4103206;bom-sucessense;ROSANA FERREIRA LOPES;321,56;6581;20,39;6675;99,14;0,686;-;72703828,73;67862780,31;33681,51;107,56;161,33;Não;Sim;1;CAPS I;16ª Regional de Saúde - Apucarana;Norte;1;0;1;1;0;0;0;0
SAO PEDRO DO PARANA;4125902;são-pedrense;VANDERLEI CAETANO DE CASTRO;248,865;2661;10,62;2736;100;0,704;-;63654651,86;58560778,6;41823,02;274,57;219,66;Não;Não;0;;14ª Regional de Saúde - Paranavaí;Noroeste;0;0;0;0;0;0;0;0
RAMILANDIA;4121257;ramilandiense;EDSON DOS SANTOS;235,418;4221;17,8;4284;97,19;0,63;-;52735137,03;48684239,23;29989,37;316,79;232,31;Não;Não;0;;9ª Regional de Saúde - Foz do Iguaçu;Oeste;0;0;0;0;0;0;0;0
HONORIO SERPA;4109658;honório serpense;JOÃO CARLOS GARBIN;503,896;4941;9,84;4740;99,41;0,683;-;69105506,54;61953635,35;78227,21;267,76;142,81;Não;Não;0;;7ª Regional de Saúde - Pato Branco;Oeste;0;0;0;0;0;0;0;0
GUAMIRANGA;4108957;guamiranguense;MARCELO LEITE;244,592;7856;32,09;7913;100;0,669;21,28;76015763,45;63158455,19;45451,12;93,16;124,21;Não;Não;0;;4ª Regional de Saúde - Irati;Leste;0;0;0;0;0;0;0;0
GUAIRACA;4108908;guairaçaense;MARCELO ALVES DE OLIVEIRA;496,289;6587;13,34;6786;99,31;0,693;-;52696128,49;46980450,77;61458,48;164,24;186,14;Não;Não;0;;14ª Regional de Saúde - Paranavaí;Noroeste;1;0;1;1;0;1;0;1
CRUZEIRO DO IGUACU;4106571;cruzeirense;RENI KOVALSKI;161,293;4133;25,53;4120;99,29;0,709;27,78;60958045,84;58364740,09;50000,33;431,16;344,93;Não;Não;0;;8ª Regional de Saúde - Francisco Beltrão;Oeste;0;1;1;1;0;0;1;1
CEU AZUL;4105300;céu-azulense;LAURINDO SPEROTTO;1176,523;11087;9,4;11258;99,09;0,732;16,95;109363557,9;90728832,88;96562,03;298,15;238,52;Não;Não;0;;10ª Regional de Saúde - Cascavel;Oeste;0;0;0;0;0;0;0;0
BRAGANEY;4103354;braganense;VALDIR ZIELINSKI;343,26;4854;14,14;4691;100;0,701;15,63;56120065,16;48854824,17;53771,59;349,32;256,17;Não;Não;0;;10ª Regional de Saúde - Cascavel;Oeste;0;0;0;0;0;0;0;0
SAO TOME;4126108;são-tomeense;JOÃO PAULO TRAVASSOS RADDI;218,623;5232;23,93;5275;99,68;0,725;-;63039046,59;61264105,69;42277,13;233,57;150,15;Não;Não;0;;13ª Regional de Saúde - Cianorte;Noroeste;0;0;0;0;0;0;0;0
SAO JERONIMO DA SERRA;4124707;jeronimense;VENICIUS DJALMA ROSA;824,268;10830;13,15;10853;98,72;0,637;20,69;89036119,93;88643452,31;32253,51;113,36;259,11;Não;Não;0;;18ª Regional de Saúde - Cornélio Procópio;Norte;1;0;1;1;0;1;0;1
NOVA LARANJEIRAS;4117057;nova laranjeirense;FABIO ROBERTO DOS SANTOS;1201,246;12074;9,98;12318;99,4;0,642;18,87;89956678,83;85528618,27;31337,75;172,58;123,27;Não;Não;0;;5ª Regional de Saúde - Guarapuava;Leste;1;0;1;1;0;0;0;0
LOBATO;4113601;lobatense;FABIO CHICAROLI;240,904;4601;19,1;4719;100;0,744;-;62817789,6;54545658,65;72455,61;622,78;266,90;Não;Não;0;;15ª Regional de Saúde - Maringá;Noroeste;0;0;0;0;0;0;0;0
LINDOESTE;4113452;lindo-estense;SILVIO DE SOUZA;344,691;5175;14,91;5208;100;0,666;-;61015108,01;56519972,21;48127,01;206,34;176,86;Não;Não;0;;10ª Regional de Saúde - Cascavel;Oeste;0;0;0;0;0;0;0;0
JUSSARA;4113007;jussarense;MOACIR LUIZ PEREIRA VALENTINI;207,013;6690;31,73;6791;98,52;0,718;-;81215429,33;74692136,91;55375,88;427,74;274,98;Não;Não;0;;13ª Regional de Saúde - Cianorte;Noroeste;0;0;0;0;0;0;0;0
JURANDA;4112959;jurandense;JOELMA DAMASCENO DEMENECK;354,522;7771;21,93;7906;99,56;0,708;-;67031534,96;61640503,66;63966,87;251,57;269,54;Não;Não;0;;11ª Regional de Saúde - Campo Mourão;Noroeste;0;0;0;0;0;0;0;0
GRANDES RIOS;4108700;grande-riense;WILLIAM JOSÉ GONÇALVES;311,512;5641;17,95;5466;97,03;0,658;-;63170933,87;56863135,39;31475,87;270,95;116,12;Não;Não;0;;16ª Regional de Saúde - Apucarana;Norte;0;1;1;1;0;0;0;0
FOZ DO JORDAO;4108452;fozjordense;FRANCISCO CLEI DA SILVA;230,716;4926;20,93;4863;97,49;0,645;-;62032229,16;54902651,66;38120,67;412,37;353,46;Não;Não;0;;5ª Regional de Saúde - Guarapuava;Leste;0;0;0;0;0;0;0;0
FLORAI;4107801;floraiense;EDNA DE LOURDES CARPINE CONTIN;190,812;4792;25,07;4789;100;0,745;-;54747414,32;45202173,21;64824,8;196,33;154,26;Não;Não;0;;15ª Regional de Saúde - Maringá;Noroeste;0;1;1;1;0;0;0;0
FERNANDES PINHEIRO;4107736;fernandespinheirense;OZIEL NEIVERT;405,489;6255;15,39;6420;97,48;0,645;-;83999556,8;71058599,95;51786,1;241,92;328,32;Não;Não;0;;4ª Regional de Saúde - Irati;Leste;0;0;0;0;0;0;0;0
FENIX;4107702;fenexense;EURIPEDES MOLINA TASCA JUNIOR;232,209;4492;19,19;4469;98,48;0,716;-;45387187;40824310,49;54234,99;243,27;191,14;Não;Não;0;;11ª Regional de Saúde - Campo Mourão;Noroeste;0;0;0;0;0;0;0;0
DOURADINA;4107256;douradinense;OBERDAM JOSÉ DE OLIVEIRA;420,525;9161;21,78;9737;96,95;0,724;8,55;81585713,83;76841612,34;93783,39;140,22;310,50;Não;Não;0;;12ª Regional de Saúde - Umuarama;Noroeste;0;0;0;0;0;0;0;0
CORONEL DOMINGOS SOARES;4106456;domingosoarense;MARIA ANTONIETA DE ARAUJO ALMEIDA;1511,972;5649;3,63;5342;98,77;0,6;28,17;76956328,13;67569619,02;58230,22;373,23;159,96;Não;Não;0;;7ª Regional de Saúde - Pato Branco;Oeste;0;0;0;0;0;0;0;0
QUINTA DO SOL;4121109;quinta-solense;LEONARDO LAZZARETTI ROMERO;326,137;5001;15,33;5047;100;0,715;-;56936178,75;51194063,48;62978,03;267,99;185,53;Não;Não;0;;11ª Regional de Saúde - Campo Mourão;Noroeste;0;0;0;0;0;0;0;0
PORTO VITORIA;4120309;porto-vitoriense;FABIANO JOSÉ GLAAB;210,236;3562;16,72;3487;100;0,685;-;54783124,13;42811476,08;27608,39;314,16;338,33;Não;Não;0;;6ª Regional de Saúde - União da Vitória;Leste;0;0;0;0;0;0;0;0
PORTO RICO;4120200;porto-riquense;VALTER BATISTA DOS SANTOS;219,242;3182;14,62;3410;100;0,735;19,61;80743344,9;75048530,06;48076,83;498,85;306,98;Não;Não;0;;14ª Regional de Saúde - Paranavaí;Noroeste;0;0;0;0;0;0;0;0
PORTO AMAZONAS;4120101;porto-amazonense;ELIAS JOCID GOMES DA COSTA;186,581;4098;21,96;4046;100;0,7;-;54098591,74;44649379,59;95573,82;319,41;171,99;Não;Não;0;;3ª Regional de Saúde - Ponta Grossa;Leste;0;0;0;0;0;0;0;0
PATO BRAGADO;4118451;pato bragadense;JOHN JEFERSON WEBER NODARI;136,483;5733;42,28;6060;99,16;0,747;23,81;108990065,5;96385217,14;47051,07;403,60;248,37;Não;Não;0;;20ª Regional de Saúde - Toledo;Oeste;0;0;0;0;0;0;0;0
PARANAPOEMA;4118303;paranapoemense;SIDNEI FRAZATTO;175,875;2398;13,63;2328;99,32;0,709;-;45330229,71;40789446,72;37022,83;435,95;201,21;Não;Não;0;;14ª Regional de Saúde - Paranavaí;Noroeste;0;0;0;0;0;0;0;0
NOVA TEBAS;4117271;nova-tebense;PEDRO LOURENÇO;545,662;6848;12,55;6818;99,62;0,651;-;82945401,4;74215316,62;34638,13;167,94;155,02;Não;Não;0;;22ª Regional de Saúde - Ivaiporã;Norte;0;0;0;0;0;0;0;0
MARIPA;4115358;maripaense;RODRIGO ANDRE SCHANOSKI;283,794;6555;23,1;6878;97,67;0,758;10,1;80268202,94;67377935,42;81721,35;647,41;149,40;Não;Não;0;;20ª Regional de Saúde - Toledo;Oeste;0;0;0;0;0;0;0;0
GUARAQUECABA;4109500;guaraqueçabano;ALESSANDRO CARNEIRO SOARES TRUCHINSKI;2011,256;7430;3,69;7418;98,38;0,587;21,74;205798467,2;156967176,5;19660,96;123,81;161,90;Não;Não;0;;1ª Regional de Saúde - Paranaguá;Leste;0;0;0;0;0;0;0;0
FORMOSA DO OESTE;4108205;formosense-do-oeste;ORIVALDO MUNICELLI;275,651;7635;27,67;7769;100;0,723;-;71201425,55;61175166,34;53117,03;88,88;136,74;Não;Não;0;;10ª Regional de Saúde - Cascavel;Oeste;0;0;0;0;0;0;0;0
CRUZEIRO DO SUL;4106704;cruzeirense-do-sul;MARCOS CÉSAR SUGIGAN;259,115;4494;17,34;4539;100;0,713;-;56143826,4;49283075,43;62589,03;376,70;289,77;Não;Não;0;;14ª Regional de Saúde - Paranavaí;Noroeste;0;0;0;0;0;0;0;0
SULINA;4126652;sulinense;GILBERTO JOÃO ROSSI;170,759;3440;20,15;3501;99,19;0,693;-;56249361,07;50826062,65;55517,17;552,74;92,12;Não;Não;0;;7ª Regional de Saúde - Pato Branco;Oeste;0;0;0;0;0;0;0;0
SAO SEBASTIAO DA AMOREIRA;4126009;amoreirense;EXILAINE GASPAR;226,872;8063;35,54;8028;100;0,715;12,2;65377368,2;56477959,83;34424,99;184,90;277,35;Não;Não;0;;18ª Regional de Saúde - Cornélio Procópio;Norte;0;0;0;0;0;0;0;0
ROSARIO DO IVAI;4122651;rosariense;ANIZIO CESAR LINO SILVA;377,625;5435;14,4;5475;98,81;0,662;14,29;57086081,21;50066291,86;30660,21;217,43;235,55;Não;Não;0;;22ª Regional de Saúde - Ivaiporã;Norte;0;1;1;0;1;0;1;1
RIBEIRAO CLARO;4121802;ribeirão-clarense;LISANDRO JOSÉ NÉIA BAGGIO;625,874;12364;19,65;12959;100;0,716;15,63;106183584,9;94937398,45;49315,87;64,44;171,83;Não;Não;0;;19ª Regional de Saúde - Jacarezinho;Norte;0;0;0;0;0;0;0;0
QUATRO PONTES;4120853;quatro pontense;CESAR ALEXANDRE SEIDEL;115,665;4480;39,16;4714;100;0,791;20,41;67506045,07;57562730,71;68554,09;316,12;105,37;Não;Não;0;;20ª Regional de Saúde - Toledo;Oeste;0;0;0;0;0;0;0;0
PRESIDENTE CASTELO BRANCO;4120408;castelo-branquense;JOÃO PERICLES MARTINATI;155,631;4336;27,84;4277;100;0,713;17,54;52166826,83;48667326,82;45464,85;344,93;344,93;Não;Não;0;;15ª Regional de Saúde - Maringá;Noroeste;0;0;0;0;0;0;0;0
PAULA FREITAS;4118600;paula-freitense;SEBASTIÃO ALGACIR DALPRA;417,829;5666;13,45;5720;98,98;0,717;76,92;61392236,88;52539540,33;86221,59;177,78;207,41;Não;Não;0;;6ª Regional de Saúde - União da Vitória;Leste;0;0;0;0;0;0;0;0
OURO VERDE DO OESTE;4117453;ouro-verdense;LUCIAN ALUISIO DIERINGS;293,042;6785;23,15;7169;99,18;0,709;12,82;66083208,01;64397212,75;43793,26;151,50;176,75;Não;Não;0;;20ª Regional de Saúde - Toledo;Oeste;0;0;0;0;0;0;0;0
MARIA HELENA;4114708;maria-helenense;MARLON RANCER MARQUES;486,539;5865;12,06;5921;99,44;0,703;15,15;65873963,7;55460840,23;30077,96;177,28;192,05;Não;Não;0;;12ª Regional de Saúde - Umuarama;Noroeste;0;1;1;1;0;0;1;1
GUARACI;4109203;guaraciense;MARCOS ANTÔNIO DE SOUZA;213,067;4748;22,43;4719;96,09;0,698;-;67252342,36;55745450,96;40499,33;375,47;281,60;Não;Não;0;;17ª Regional de Saúde - Londrina;Norte;0;0;0;0;0;0;0;0
CAFEZAL DO SUL;4103479;cafezalense;PEDRO MINORU INOUE;335,728;4473;13,34;4591;98,14;0,692;-;57370184,83;45055899,6;44494,97;266,84;266,84;Não;Não;0;;12ª Regional de Saúde - Umuarama;Noroeste;0;0;0;0;0;0;0;0
ABATIA;4100103;abatiense;SONIA APARECIDA DE SOUZA CHAVES;227,923;7241;31,66;7201;94,88;0,687;12,2;55320521,72;53785594,64;41039,39;246,71;246,71;Não;Não;0;;18ª Regional de Saúde - Cornélio Procópio;Norte;0;1;1;1;0;0;1;1
SAO PEDRO DO IGUACU;4125753;São pedrense;JACIR DANELLI;309,1;5784;18,76;5686;99,4;0,683;-;59479863,19;49040481,31;46313,37;116,11;242,77;Não;Não;0;;20ª Regional de Saúde - Toledo;Oeste;0;1;1;0;1;0;1;1
SAO CARLOS DO IVAI;4124608;são-carlense;PAULO FRANCISCO MARINHO DUTRA;225,079;6587;29,27;6741;98,2;0,682;-;62208471,25;52974199,09;86205,53;329,84;299,85;Não;Não;0;;14ª Regional de Saúde - Paranavaí;Noroeste;0;1;1;1;0;0;0;0
QUATIGUA;4120705;quatiguaense;IZILDA GLEICIANY RODRIGUES CARRO;112,567;8099;71,87;8491;100;0,714;21,28;60233157,9;54033482,49;30189,72;94,25;214,21;Não;Não;0;;19ª Regional de Saúde - Jacarezinho;Norte;0;0;0;0;0;0;0;0
IRACEMA DO OESTE;4110656;iracemense;ELZA HAASE RODRIGUES;81,538;2343;28,74;2314;95,54;0,707;-;38428492,62;34906074,12;53805,14;275,62;200,45;Não;Não;0;;10ª Regional de Saúde - Cascavel;Oeste;0;0;0;0;0;0;0;0
ESPIGAO ALTO DO IGUACU;4107546;espigãoense;AGENOR BERTONCELO;325,584;4797;14,69;4888;99,77;0,636;-;66089409,71;59219694,19;42057,85;371,62;202,70;Não;Não;0;;10ª Regional de Saúde - Cascavel;Oeste;0;0;0;0;0;0;0;0
CONSELHEIRO MAIRINCK;4106100;mairinquense;JOSELEI APARECIDO DE CARVALHO;204,443;3461;16,91;3464;86,53;0,707;-;48150687,14;41593634,11;48767,75;164,25;74,66;Não;Não;0;;19ª Regional de Saúde - Jacarezinho;Norte;0;0;0;0;0;0;0;0
BRASILANDIA DO SUL;4103370;brasilandiense;ALEX ANTONIO CAVALCANTE;291,036;3708;12,74;3891;99,18;0,681;-;58208177,03;51192522,57;80537,86;172,39;188,06;Não;Não;0;;12ª Regional de Saúde - Umuarama;Noroeste;0;0;0;0;0;0;0;0
BOA VENTURA DE SAO ROQUE;4103040;boa venturense;NESTOR KENEAR;606,94;6378;10,28;6235;99,8;0,655;13,7;73000253,55;64236259,62;72838,58;236,46;150,47;Não;Não;0;;5ª Regional de Saúde - Guarapuava;Leste;0;0;0;0;0;0;0;0
ANTONIO OLINTO;4101309;antoniolintense;FABIO STANISZEWSKI MACHIAVELLI;463,694;7018;14,94;7027;99,59;0,656;-;63805648,51;50146049,81;40269,4;137,59;200,13;Não;Não;0;;6ª Regional de Saúde - União da Vitória;Leste;0;0;0;0;0;0;0;0
XAMBRE;4128807;xambrense;DECIO JARDIM;360,044;5798;16,12;5822;99,67;0,706;30,77;61141165,37;56109578,28;23887,13;149,10;164,01;Não;Não;0;;12ª Regional de Saúde - Umuarama;Noroeste;0;0;0;0;0;0;0;0
VERA CRUZ DO OESTE;4128559;vera-cruzense;EDNEI SGOBI;330,602;8215;25,12;8131;94,61;0,699;-;67604600,94;59060406,1;40852,94;211,46;253,75;Não;Não;0;;10ª Regional de Saúde - Cascavel;Oeste;0;0;0;0;0;0;0;0
SAO JORGE DO IVAI;4125308;são-jorgense;AGNALDO CARVALHO GUIMARÃES;315,088;5168;16,4;5149;99,4;0,743;-;60053430,32;51099260,6;80750,08;172,50;86,25;Não;Não;0;;15ª Regional de Saúde - Maringá;Noroeste;0;0;0;0;0;0;0;0
SANTA AMELIA;4123105;ameliense;ANTONIO CARLOS TAMAIS;77,849;3394;43,49;3333;99,06;0,653;-;46698051,85;37366257,25;41703,65;161,63;64,65;Não;Não;0;;18ª Regional de Saúde - Cornélio Procópio;Norte;0;0;0;0;0;0;0;0
SALTO DO ITARARE;4122909;saltense-do-itararé;CLAUDECI JOSÉ DE OLIVEIRA;200,897;5192;25,89;5214;99,07;0,704;-;48252814,9;39201014,75;23913,67;194,51;194,51;Não;Não;0;;19ª Regional de Saúde - Jacarezinho;Norte;0;0;0;0;0;0;0;0
SALGADO FILHO;4122800;salgadense;VOLMAR DUARTE;182,616;4075;22,51;4074;100;0,7;-;56843441,61;48021606,95;35479,95;353,36;282,69;Não;Não;0;;8ª Regional de Saúde - Francisco Beltrão;Oeste;0;0;0;0;0;0;0;0
RIO BOM;4122107;rio-bonense;MOISÉS JOSÉ DE ANDRADE;177,836;3197;17,98;3206;99,36;0,729;47,62;45335874,15;37588543,75;37164,63;222,57;200,31;Não;Não;0;;16ª Regional de Saúde - Apucarana;Norte;0;0;0;0;0;0;0;0
NOVA AMERICA DA COLINA;4116604;nova-americanense;TANIA CRISTINA DA SILVA BASSO;129,476;3280;25,33;3274;97,76;0,698;-;46070560,78;37846217,09;32956,41;149,08;104,35;Não;Não;0;;18ª Regional de Saúde - Cornélio Procópio;Norte;0;0;0;0;0;0;0;0
MANFRINOPOLIS;4114351;manfrinopolitano;AMARILDO ALVES CARNEIRO;214,758;2770;12,84;2770;100;0,645;-;44585680,86;41394982,58;37689,28;171,94;171,94;Não;Não;0;;8ª Regional de Saúde - Francisco Beltrão;Oeste;0;0;0;0;0;0;0;0
LUNARDELLI;4113759;lunardelliense;LUIZ WANDERLEI MARSON SARDI;191,062;4872;24,46;4846;97,8;0,69;18,18;47473967,44;45291659,53;30231,87;69,42;48,59;Não;Não;0;;22ª Regional de Saúde - Ivaiporã;Norte;0;1;1;1;0;0;0;0
LARANJAL;4113254;laranjaense;MAYCON LOPES SIMIONI;559,439;5600;10,01;5478;99,75;0,585;-;68482295,74;56718907,94;22407,71;366,70;330,03;Não;Não;0;;5ª Regional de Saúde - Guarapuava;Leste;0;0;0;0;0;0;0;0
GUAPIRAMA;4109005;guapiramense;PEDRO DE OLIVEIRA;189,372;4626;24,46;4902;100;0,702;19,23;55807880,53;46073786,21;49485,22;208,64;292,09;Não;Não;0;;19ª Regional de Saúde - Jacarezinho;Norte;0;0;0;0;0;0;0;0
DIAMANTE DO OESTE;4107157;diamantense;AMARILDO APARECIDO DA SILVA;310,624;4557;14,74;4484;98;0,644;-;54490056,6;45003220,19;29513,42;261,51;418,41;Não;Não;0;;20ª Regional de Saúde - Toledo;Oeste;1;0;1;1;0;0;0;0
ARIRANHA DO IVAI;4101853;ariranhense do ivaí;THIAGO EPIFANIO DA SILVA;236,039;2329;9,95;2346;100;0,67;-;41187673,91;42977857,19;62246,84;116,85;81,79;Não;Não;0;;22ª Regional de Saúde - Ivaiporã;Norte;0;0;0;0;0;0;0;0
TAPIRA;4126900;tapirense;RONALD ROGÉRIO LOPES SMARZARO;434,371;5745;13,23;5802;97,03;0,697;-;56832900,19;50806353,54;32674,36;171,99;191,09;Não;Não;0;;12ª Regional de Saúde - Umuarama;Noroeste;0;0;0;0;0;0;0;0
SAPOPEMA;4126207;sapopemense;PAULO MAXIMIANO DE SOUZA JUNIOR;677,588;6695;9,88;6775;98,32;0,655;11,76;71238903,14;60286403,52;27337,32;190,76;296,74;Não;Não;0;;18ª Regional de Saúde - Cornélio Procópio;Norte;2;0;2;2;0;1;0;1
SAO JOSE DA BOA VISTA;4125407;boa-vistense;JOSE LAZARO FERRAZ;399,886;6040;15,11;5994;98,24;0,671;17,86;54950218,52;50364501,59;38516,72;155,55;155,55;Não;Não;0;;19ª Regional de Saúde - Jacarezinho;Norte;0;0;0;0;0;0;0;0
SANTA LUCIA;4123824;santaluciense;SILVANO TORTELLI;126,813;3644;28,74;3621;100;0,687;-;48470508,87;44758985,68;43410,54;197,02;240,81;Não;Não;0;;10ª Regional de Saúde - Cascavel;Oeste;0;0;0;0;0;0;0;0
NOSSA SENHORA DAS GRACAS;4116406;gracense;CLODOALDO APARECIDO RIGIERI;186,259;3669;19,75;3653;100;0,709;-;47722584,77;41293402,36;34590,58;405,04;270,03;Não;Não;0;;15ª Regional de Saúde - Maringá;Noroeste;0;0;0;0;0;0;0;0
MARUMBI;4115507;marumbiense;ELAINE MARIA FERREIRA COSTA;207,687;4699;22,54;4786;93,77;0,721;-;57749372,71;48230869,29;28583,37;268,82;179,21;Não;Não;0;;16ª Regional de Saúde - Apucarana;Norte;1;0;1;1;0;1;0;1
MARIOPOLIS;4115309;mariopolitano;MARIO EDUARDO LOPES PAULEK;229,894;6371;27,66;6535;99,61;0,698;12,82;83745099,55;75419234,7;86961,81;155,52;328,32;Não;Não;0;;7ª Regional de Saúde - Pato Branco;Oeste;0;0;0;0;0;0;0;0
LEOPOLIS;4113403;leopolense;LEOMAR MONTEIRO;344,918;3752;10,88;3701;100;0,707;-;54056396,42;47792737,54;60266;72,27;128,47;Não;Não;0;;18ª Regional de Saúde - Cornélio Procópio;Norte;0;0;0;0;0;0;0;0
JABOTI;4111704;jabotiense;REGIS WILLIAM SIQUEIRA RODRIGUES;139,217;5427;38,97;5687;94,87;0,718;-;57292693,51;51924465,3;28851,21;139,77;108,71;Não;Não;0;;19ª Regional de Saúde - Jacarezinho;Norte;0;0;0;0;0;0;0;0
INAJA;4110300;inajaense;JOÃO EDER AGUILAR;194,704;2536;13,02;2453;100;0,705;-;47997384,95;39052199,18;30062,76;682,85;151,75;Não;Não;0;;14ª Regional de Saúde - Paranavaí;Noroeste;0;0;0;0;0;0;0;0
CAMPO BONITO;4104055;campo-bonitense;MARIO WEBER;434,124;4027;9,28;3974;100;0,681;-;55685650,07;48543385,4;58901,77;137,74;91,83;Não;Não;0;;10ª Regional de Saúde - Cascavel;Oeste;0;0;0;0;0;0;0;0
BOM SUCESSO DO SUL;4103222;bomsucessense do sul;MAICO DIOGO FAVERSANI;198,58;3202;16,34;3239;100;0,742;-;66903175,63;60713277,04;103530,68;247,66;220,14;Não;Não;0;;7ª Regional de Saúde - Pato Branco;Oeste;0;0;0;0;0;0;0;0
SANTANA DO ITARARE;4124004;santanense;ELCIO JOSÉ VIDAL;251,831;5514;21,94;5663;99,06;0,687;-;67061466,61;53486817,51;33377,18;201,66;126,04;Não;Não;0;;19ª Regional de Saúde - Jacarezinho;Norte;0;0;0;0;0;0;0;0
RANCHO ALEGRE DO OESTE;4121356;rancho alegrense;EVERTON CÁSSIO ZANUTO;241,185;2618;10,85;2609;100;0,704;-;51184733,14;41710373,9;90008,46;199,55;99,78;Não;Não;0;;11ª Regional de Saúde - Campo Mourão;Noroeste;0;0;0;0;0;0;0;0
PINHAL DE SAO BENTO;4119251;pinhalense;PAULO FALCADE DE OLIVEIRA;98,062;2761;28,33;2813;100;0,695;-;44797349,52;39101933,06;29736,89;142,02;142,02;Não;Não;0;;8ª Regional de Saúde - Francisco Beltrão;Oeste;0;0;0;0;0;0;0;0
NOVA SANTA ROSA;4117222;nova-santa-rosense;LARI HITZ;204,665;8322;40,66;8624;98,95;0,731;-;91188598,2;75165183,56;58192,18;185,87;348,51;Não;Não;0;;20ª Regional de Saúde - Toledo;Oeste;0;1;1;1;0;0;0;0
NOVA SANTA BARBARA;4117214;bárbaraense;CLAUDEMIR VALÉRIO;80,783;4184;54,42;4325;84,78;0,68;17,54;45189628;43720993,37;31455,2;294,88;221,16;Não;Não;0;;18ª Regional de Saúde - Cornélio Procópio;Norte;0;0;0;0;0;0;0;0
KALORE;4113106;kaloreense;WASHINGTON LUIZ DA SILVA;194,081;4582;23,7;4671;99,48;0,721;-;55595297,11;43556830,12;43918,88;239,52;179,64;Não;Sim;1;CAPS I;16ª Regional de Saúde - Apucarana;Norte;0;0;0;0;0;0;0;0
INDIANOPOLIS;4110409;indianopolitano;PAULO CEZAR RIZZATO MARTINS;122,392;4448;36,27;4553;97,76;0,724;42,55;63748459,55;60515439,66;173682,59;57,68;173,04;Não;Não;0;;13ª Regional de Saúde - Cianorte;Noroeste;0;0;0;0;0;0;0;0
GOIOXIM;4108650;goioxinhense;EDER DOS SANTOS;702,284;6566;9,35;6412;98,74;0,641;13,51;66015861,01;58599693,84;47001,54;124,40;155,50;Não;Não;0;;5ª Regional de Saúde - Guarapuava;Leste;0;0;0;0;0;0;0;0
DIAMANTE DO NORTE;4107108;diamantense;ELIEL DOS SANTOS CORREA;242,887;5142;21,17;5116;99,4;0,723;-;57816492,92;56784718,72;80500,47;198,22;148,66;Não;Não;0;;14ª Regional de Saúde - Paranavaí;Noroeste;0;0;0;0;0;0;0;0
BOM JESUS DO SUL;4103156;bonjesuense;HELIO JOSE SURDI;175,536;3980;22,6;4083;100;0,697;-;57289330,82;52764736,84;35783,31;133,18;249,71;Não;Não;0;;8ª Regional de Saúde - Francisco Beltrão;Oeste;0;0;0;0;0;0;0;0
TURVO;4127965;turvense;ANTONIO MARCOS SEGURO;936,038;14231;15,16;14110;99,1;0,672;13,82;137004501,4;111476488,5;49038,74;86,83;235,67;Não;Não;0;;5ª Regional de Saúde - Guarapuava;Leste;0;0;0;0;0;0;0;0
SERTANEJA;4126405;sertanejano;SAMUEL CARLOS DO PRADO;444,492;5616;12,63;5642;100;0,725;40;77270609,13;68649935,64;82925,93;156,92;156,92;Não;Não;0;;18ª Regional de Saúde - Cornélio Procópio;Norte;0;0;0;0;0;0;0;0
NOVA CANTU;4116802;nova-cantuense;AIRTON ANTONIO AGNOLIN;552,873;6790;12,22;6700;99,38;0,658;13,7;74104851,31;70318440,89;50327,72;94,16;161,42;Não;Não;0;;11ª Regional de Saúde - Campo Mourão;Noroeste;0;0;0;0;0;0;0;0
MUNHOZ DE MELO;4116307;munhozense;ÁUREO GOMES;137,03;3951;28,84;4075;100;0,726;32,26;62907290,98;56569710,99;44713,57;326,80;280,11;Não;Não;0;;15ª Regional de Saúde - Maringá;Noroeste;0;0;0;0;0;0;0;0
MERCEDES;4115853;mercedense;LAERTON WEBER;197,136;5931;30,09;6248;100;0,74;-;87675169,2;84315570,39;52582,83;126,70;162,90;Não;Não;0;;20ª Regional de Saúde - Toledo;Oeste;0;0;0;0;0;0;0;0
MARQUINHO;4115457;marquinhense;ELIO BOLZON JUNIOR;518,147;4504;8,94;4465;98,57;0,614;19,23;72549787,77;62424658,49;29896,39;144,12;185,30;Não;Não;0;;5ª Regional de Saúde - Guarapuava;Leste;0;0;0;0;0;0;0;0
JARDIM OLINDA;4112603;jardinolindense;WEVERTON JOSÉ DOS SANTOS LIMA;128,515;1343;10,45;1345;100;0,682;-;47386927,67;39669776,74;58807,74;137,01;137,01;Não;Não;0;;14ª Regional de Saúde - Paranavaí;Noroeste;0;0;0;0;0;0;0;0
GODOY MOREIRA;4108551;godoense;PRIMIS DE OLIVEIRA;126,956;2977;22,72;2889;100;0,675;-;47989071,8;43818090,82;32291,91;188,98;215,98;Não;Não;0;;22ª Regional de Saúde - Ivaiporã;Norte;0;0;0;0;0;0;0;0
ENTRE RIOS DO OESTE;4107538;entrerriense;JAIR BOKORNI;120,294;4575;37,82;4810;99,1;0,761;-;89539829,11;78755026,77;91973,29;180,55;257,93;Não;Não;0;;20ª Regional de Saúde - Toledo;Oeste;0;2;2;1;1;0;2;2
DOUTOR CAMARGO;4107306;camarguense;DOUGLAS RIBEIRO DO PRADO;118,286;6327;53,49;6547;98,86;0,746;30,3;51536603,34;46219818,38;38349,19;154,63;154,63;Não;Não;0;;15ª Regional de Saúde - Maringá;Noroeste;1;1;2;1;1;1;1;2
CORUMBATAI DO SUL;4106555;corumbataiense;ALEXANDRE DONATO;167,921;3760;22,88;3755;97,85;0,638;31,25;47767555,45;46419246,8;27908,16;230,87;131,93;Não;Não;0;;11ª Regional de Saúde - Campo Mourão;Noroeste;0;0;0;0;0;0;0;0
ATALAIA;4102208;atalaiense;CARLOS EDUARDO ARMELIN MARIANI;137,075;3980;28,91;4050;98,9;0,736;-;61355218,78;53306339,81;64007,95;239,97;205,69;Não;Não;0;;15ª Regional de Saúde - Maringá;Noroeste;0;0;0;0;0;0;0;0
ARAPUA;4101655;arapuense;MANOEL SALVADOR;217,599;3527;16,23;3571;100;0,676;20;42767658,39;40930287,08;43743,99;302,11;431,59;Não;Não;0;;22ª Regional de Saúde - Ivaiporã;Norte;0;0;0;0;0;0;0;0
ANAHY;4101051;anaiense;ARILSON BATISTA DE SOUZA;104,09;2918;28,36;2973;98,9;0,695;22,73;47174160,14;46378179,3;42605,49;333,17;142,79;Não;Não;0;;10ª Regional de Saúde - Cascavel;Oeste;0;0;0;0;0;0;0;0
SERRANOPOLIS DO IGUACU;4126355;serranopolitano;GILBERTO MARSARO;482,987;5007;10,38;5188;99,35;0,762;14,49;71889606,9;60182338,49;54438,48;146,23;146,23;Não;Não;0;;9ª Regional de Saúde - Foz do Iguaçu;Oeste;0;0;0;0;0;0;0;0
SANTA MONICA;4123956;moniquense;LUAN GUSTAVO FRAZATTO;260,488;3356;12,91;3348;98,18;0,704;62,5;51840668,64;46654081,41;34407,39;187,97;156,64;Não;Não;0;;14ª Regional de Saúde - Paranavaí;Noroeste;0;0;0;0;0;0;0;0
SANTA CECILIA DO PAVAO;4123204;pavonense;CLAUDIO COVRE;105,076;3365;32,02;3340;99,46;0,723;-;49688066,35;42278685,88;53243,98;327,33;218,22;Não;Não;0;;18ª Regional de Saúde - Cornélio Procópio;Norte;0;0;0;0;0;0;0;0
QUARTO CENTENARIO;4120655;quarto centenariense;WILSON AKIO ABE;320,779;4201;13,05;4087;98,14;0,71;-;56599135,98;47786620,16;97362,29;249,27;249,27;Não;Não;0;;11ª Regional de Saúde - Campo Mourão;Noroeste;0;1;1;1;0;0;0;0
MIRADOR;4115903;miradorense;FABIANO MARCOS DA SILVA TRAVAIN;222,016;2238;10,09;2243;100;0,68;-;39378225,73;29714290,27;79981,83;88,61;177,23;Não;Não;0;;14ª Regional de Saúde - Paranavaí;Noroeste;0;0;0;0;0;0;0;0
JUNDIAI DO SUL;4112900;jundiaiense-do-sul;PAULO ROBERTO PEDRO;316,748;3333;10,39;3366;97,77;0,688;-;43601630,5;37219903,41;47213,06;147,31;171,86;Não;Não;0;;19ª Regional de Saúde - Jacarezinho;Norte;0;0;0;0;0;0;0;0
IGUATU;4110052;iguatuense;MARTINHO LUCAS DE GODOY;106,937;2144;20,05;2150;97,91;0,703;-;43366277,26;37134591,56;44212,2;242,33;323,10;Não;Não;0;;10ª Regional de Saúde - Cascavel;Oeste;0;0;0;0;0;0;0;0
GUAPOREMA;4109104;guaporemense;GILBERTO CASTIGLIONI;200,407;2191;10,89;2208;100;0,719;-;42764931,76;37167877,04;48463,12;173,71;57,90;Não;Não;0;;13ª Regional de Saúde - Cianorte;Noroeste;0;0;0;0;0;0;0;0
FLORIDA;4108106;floridense;ANTONIO EMERSON SETTE;83,046;2652;31,93;2718;97,47;0,732;-;39175340,42;29719791,08;38182,92;93,01;124,01;Não;Não;0;;15ª Regional de Saúde - Maringá;Noroeste;0;0;0;0;0;0;0;0
FAROL;4107553;farolense;OCLECIO DE FREITAS MENESES;289,232;3039;10,51;2968;99,15;0,715;58,82;51652420,13;47075493,39;84118,61;241,94;201,61;Não;Não;0;;11ª Regional de Saúde - Campo Mourão;Noroeste;0;1;1;1;0;0;0;0
CAFEARA;4103404;cafearense;ELTON FÁBIO LAZARETTI;184,255;2627;14,14;2644;98,89;0,693;-;45045970;38389824,64;46262,76;123,10;205,17;Não;Não;0;;17ª Regional de Saúde - Londrina;Norte;0;0;0;0;0;0;0;0
BOA ESPERANCA DO IGUACU;4103024;boaesperencense;GIVANILDO TRUMI;152,252;2455;16,17;2402;100;0,7;-;49394866,6;46771663,96;67222,53;156,54;78,27;Não;Não;0;;8ª Regional de Saúde - Francisco Beltrão;Oeste;0;0;0;0;0;0;0;0
BOA ESPERANCA;4103008;boa-esperansense;JOEL CELSO BUSCARIOL;301,131;4558;15,06;4595;96,74;0,72;-;70151298,38;57722045,11;75237,05;139,11;162,30;Não;Não;0;;11ª Regional de Saúde - Campo Mourão;Noroeste;0;1;1;1;0;0;0;0
BELA VISTA DA CAROBA;4102752;bela-vistense;GELSON MAFFI;148,859;4031;27,22;4128;98,78;0,681;-;50297803,82;40392253,48;31281,27;0,00;371,00;Não;Não;0;;8ª Regional de Saúde - Francisco Beltrão;Oeste;0;0;0;0;0;0;0;0
BARRA DO JACARE;4102703;barrense;LUIZ FABIANO ZANATTA;115,855;2814;24,29;2877;100;0,744;34,48;45023064,11;35906315,08;66502,51;125,08;125,08;Não;Não;0;;19ª Regional de Saúde - Jacarezinho;Norte;0;0;0;0;0;0;0;0
SAO JORGE DO PATROCINIO;4125357;patrocinense;RONALDO TINTI;404,018;6504;16;6718;98,46;0,676;31,75;82566824,15;67213490,75;28172,13;80,70;112,98;Não;Não;0;;12ª Regional de Saúde - Umuarama;Noroeste;0;0;0;0;0;0;0;0
SANTO ANTONIO DO CAIUA;4124202;santo-antoniense;JOSÉ GABRIEL GONÇALVES FACHIANO;221,391;2493;11,38;2460;100;0,696;-;41448331,14;34811612,44;28089,38;80,57;80,57;Não;Não;0;;14ª Regional de Saúde - Paranavaí;Noroeste;0;0;0;0;0;0;0;0
NOVA ESPERANCA DO SUDOESTE;4116950;novaesperancense;JAIME DA SILVA STANG;207,849;5597;26,85;5814;97,79;0,714;-;71504914,27;78007782,95;35513,61;61,22;208,15;Não;Não;0;;8ª Regional de Saúde - Francisco Beltrão;Oeste;0;1;1;1;0;0;1;1
MATO RICO;4115739;mato-riquense;EDELIR DE JESUS RIBEIRO DA SILVA;402,533;3267;8,28;3216;100;0,632;-;60508262,72;49897310,18;48162,76;89,05;124,67;Não;Não;0;;22ª Regional de Saúde - Ivaiporã;Norte;0;1;1;0;1;0;1;1
LIDIANOPOLIS;4113429;lidianopolitano;APARECIDO BUZATO;151,779;3938;26;3985;97,06;0,68;20,41;47527290;39834648,85;37287,16;121,92;146,31;Não;Não;0;;22ª Regional de Saúde - Ivaiporã;Norte;0;0;0;0;0;0;0;0
ITAMBE;4111100;itambenense;ANANIAS SOARES VIEIRA;244,495;6111;25,06;6236;98,9;0,746;17,54;55288690,71;48113268,99;45168,14;123,67;296,81;Não;Não;0;;15ª Regional de Saúde - Maringá;Noroeste;0;0;0;0;0;0;0;0
DOUTOR ULYSSES;4128633;ulyssense;ESEQUIEL BESTEL JUNIOR;779,628;5697;7,33;5742;97,34;0,546;-;53158735,23;43064455,85;20387,45;164,85;98,91;Não;Não;0;;2ª Regional de Saúde - Metropolitana (Curitiba);Leste;0;0;0;0;0;0;0;0
ALTO PARAISO;4128625;altoparaisense;LUIZ ELISEU DOS SANTOS;967,763;3055;3,16;3058;100;0,678;-;57483200,99;50342520,54;48366,68;174,46;174,46;Não;Não;0;;12ª Regional de Saúde - Umuarama;Noroeste;0;0;0;0;0;0;0;0
VIRMOND;4128658;virmondense;FERNANDO MIERZVA;248,583;3811;15,3;3818;100;0,722;18,18;54111871,89;56050347,93;63389,93;98,45;246,12;Não;Não;0;;5ª Regional de Saúde - Guarapuava;Leste;0;0;0;0;0;0;0;0
SAO JOSE DAS PALMEIRAS;4125456;são-joseliense;FRANCO MARIA ALVES CABRAL;182,627;3957;21,69;4039;100;0,713;-;41617217,77;41193252,84;27716,37;58,92;132,57;Não;Não;0;;20ª Regional de Saúde - Toledo;Oeste;1;1;2;1;1;1;1;2
PEROLA DO OESTE;4119004;pérolatense;EDSOM LUIZ BAGETTI;204,331;6221;30,31;6184;100;0,726;-;71425736,99;62308949,28;43479,73;151,57;227,36;Não;Não;0;;8ª Regional de Saúde - Francisco Beltrão;Oeste;0;0;0;0;0;0;0;0
ESPERANCA NOVA;4107520;esperançanovense;EVERTON BARBIERI;141,317;1849;13,09;1844;100;0,689;-;54623197,06;44780422,42;40683,83;227,92;113,96;Não;Não;0;;12ª Regional de Saúde - Umuarama;Noroeste;0;0;0;0;0;0;0;0
ALTAMIRA DO PARANA;4100459;altamirense;ELZA APARECIDA DA SILVA;386,952;3590;9,28;3452;99,6;0,667;20;52928382,9;47137766,39;32175,22;47,48;118,69;Não;Não;0;;11ª Regional de Saúde - Campo Mourão;Noroeste;0;0;0;0;0;0;0;0
UNIFLOR;4128302;uniflorense;MAYCON RODRIGO RODRIGUES DE SOUZA;95,731;2136;22,53;2086;98,34;0,72;50;40348090,54;36224170,7;61640,73;86,53;115,37;Não;Não;0;;15ª Regional de Saúde - Maringá;Noroeste;0;0;0;0;0;0;0;0
RIO BRANCO DO IVAI;4122172;riobranquense;PEDRO TABORDA DESPLANCHES;378,04;3808;10,12;3835;99,45;0,64;21,28;51422121,99;45126303,07;45876,97;128,92;386,76;Não;Não;0;;22ª Regional de Saúde - Ivaiporã;Norte;0;1;1;1;0;0;0;0
PORTO BARREIRO;4120150;porto barreirense;EMANOEL VANDERLEI VOLFF;363,547;3110;8,61;3023;98,86;0,688;-;71285919,83;56224736,37;54394,82;52,07;86,79;Não;Não;0;;5ª Regional de Saúde - Guarapuava;Leste;0;0;0;0;0;0;0;0
NOVO ITACOLOMI;4117297;itacolomiense;JOAO PEDRO MAGON;159,639;3125;19,36;3246;100;0,71;-;50811013,28;42294314,27;39975,22;51,98;51,98;Não;Não;0;;16ª Regional de Saúde - Apucarana;Norte;0;0;0;0;0;0;0;0
MIRASELVA;4116000;miraselvano;JOAO MARCOS FERRER;90,572;1966;21,77;2024;98,08;0,748;-;37131008,05;30382914,2;35296,98;94,58;63,05;Não;Não;0;;17ª Regional de Saúde - Londrina;Norte;0;0;0;0;0;0;0;0
JANIOPOLIS;4112207;janiopolitano;EIDES GUEDES;337,91;5870;17,49;5766;99,62;0,696;-;67392403,17;62444379,94;57397,87;89,69;179,37;Não;Não;0;;11ª Regional de Saúde - Campo Mourão;Noroeste;0;0;0;0;0;0;0;0
IVATE;4111555;ivateense;DENILSON VAGLIERI PREVITAL;410,221;6831;16,65;6746;98,2;0,706;-;56666706,08;46241627,49;41052,52;63,90;276,89;Não;Não;0;;12ª Regional de Saúde - Umuarama;Noroeste;0;0;0;0;0;0;0;0
TAMBOARA;4126702;tamboarense;GIOVANE MONTEIRO DA SILVA;193,316;4880;25,24;4999;97,05;0,731;-;52611111,03;51917676,25;37734,73;55,26;248,69;Não;Não;0;;14ª Regional de Saúde - Paranavaí;Noroeste;0;0;0;0;0;0;0;0
SANTA INES;4123600;santa-ineense;ADENILSON PACHECO;156,422;1748;11,14;1739;100;0,717;-;20798124,71;16035425,7;48715,71;70,05;70,05;Não;Não;0;;15ª Regional de Saúde - Maringá;Noroeste;0;0;0;0;0;0;0;0
RANCHO ALEGRE;4121307;alegrense;FLAVIO HENRIQUE PEREIRA;167,646;3512;20,95;3445;99,41;0,707;-;40479729,15;31519720,13;56141,77;43,52;130,55;Não;Não;0;;18ª Regional de Saúde - Cornélio Procópio;Norte;0;0;0;0;0;0;0;0
NOVA ALIANCA DO IVAI;4116505;ivaiense;ULISSES DE SOUZA;130,614;1323;10,08;1316;98,65;0,717;-;36337514,34;29811869,12;53846,04;0,00;371,00;Não;Não;0;;14ª Regional de Saúde - Paranavaí;Noroeste;0;0;0;0;0;0;0;0
DIAMANTE DO SUL;4107124;sul-diamantino;DARCI TIRELLI;347,233;3171;9,13;3126;100;0,608;-;45914158,48;40011847,94;27043,14;55,99;167,97;Não;Não;0;;10ª Regional de Saúde - Cascavel;Oeste;0;0;0;0;0;0;0;0
CRUZMALTINA;4106852;cruzmaltinense;MAURÍCIO BUENO DE CAMARGO;306,237;2892;9,26;2854;100;0,666;-;50400476,73;48670148,66;65430,04;41,91;167,64;Não;Não;0;;22ª Regional de Saúde - Ivaiporã;Norte;0;0;0;0;0;0;0;0
SAO MANOEL DO PARANA;4125555;são manoelense;VITOR HUGO RODRIGUES;95,381;2138;22,42;2178;92,22;0,725;-;41885385,29;35892590,25;38835,58;31,86;31,86;Não;Não;0;;13ª Regional de Saúde - Cianorte;Noroeste;0;0;0;0;0;0;0;0
SANTO ANTONIO DO PARAISO;4124301;santo-antoniense;DEVANIR MARTINELLI;162,647;2125;12,72;2070;100;0,716;24,39;40312321,9;39964959,5;54023,07;19,99;59,98;Não;Não;0;;18ª Regional de Saúde - Cornélio Procópio;Norte;0;0;0;0;0;0;0;0
PITANGUEIRAS;4119657;pitangueirense;SAMUEL TEIXEIRA;123,081;3046;24,72;3155;100;0,71;-;51914016,87;45111502,45;52715,86;14,82;44,47;Não;Não;0;;17ª Regional de Saúde - Londrina;Norte;0;0;0;0;0;0;0;0
Ivatuba;4111605;ivatubense;VARLEI VERCEZI;96,427;2708;28,02;2666;99,3;0,766;37,04;48855067,1;37985737,52;61748,43;0,00;0,00;Não;Não;0;;15ª Regional de Saúde - Maringá;Noroeste;0;0;0;0;0;0;0;0
Ourizona;4117404;ourizonense;JANILSON MARCOS DONASAN;176,457;3187;18,06;3181;99,37;0,72;37,04;51544615,07;46185971,07;58541,87;0,00;0,00;Não;Não;0;;15ª Regional de Saúde - Maringá;Noroeste;0;0;0;0;0;0;0;0
