Identificador,Fonte,Mês,Município,Código do município,Local do crime,Idade da vítima,Vínculo entre vítima e suspeito,Arma ou meio utilizado,Filhos dependentes (informação disponível?),Consumado,Tentado,Consumado ou Tentado,Idade do agressor,Período do dia
2025-BR-0013,Imprensa,1,rio bonito do iguacu,4122156,Residência do casal,28,Parceiro/coabitante/vínculo sexual emocional,Arma de fogo,Incerto/Desconhecido,1,,Consumado,52,Incerto/Desconhecido
2025-BR-0070,SINESP,1,doutor camargo,4107306,Incerto/Desconhecido,NA,Incerto/Desconhecido,Incerto/Desconhecido,Incerto/Desconhecido,,2,Tentado,NA,Incerto/Desconhecido
2025-BR-0075,SINESP,1,faxinal,4107603,Incerto/Desconhecido,NA,Incerto/Desconhecido,Incerto/Desconhecido,Incerto/Desconhecido,,2,Tentado,NA,Incerto/Desconhecido
2025-BR-0204,Imprensa,1,arapongas,4101507,Casa do agressor,22,Parceiro/coabitante/vínculo sexual emocional,Arma branca,Sim,,2,Tentado,NA,Noite
2025-BR-0205,Imprensa,1,arapongas,4101507,Casa do agressor,37,Membro da família por afiliação,Arma branca,Incerto/Desconhecido,,2,Tentado,NA,Noite
2025-BR-0242,Imprensa,1,guaira,4108809,Outra habitação,31,Ex-companheiro/ex-coabitante,Arma branca,Sim,1,,Consumado,NA,Noite
2025-BR-0251,Imprensa,1,palmeira,4117701,Outro,30,Ex-companheiro/ex-coabitante,Incerto/Desconhecido,Sim,1,,Consumado,32,Incerto/Desconhecido
2025-BR-0265,Imprensa,1,sao jeronimo da serra,4124707,Casa da vítima,28,Ex-companheiro/ex-coabitante,Asfixia/Enforcamento,Sim,1,,Consumado,NA,Incerto/Desconhecido
2025-BR-0275,Imprensa,1,ponta grossa,4119905,Incerto/Desconhecido,NA,Parceiro/coabitante/vínculo sexual emocional,Arma branca,Incerto/Desconhecido,,2,Tentado,NA,Noite
2025-BR-0278,Imprensa,1,apucarana,4101408,Residência do casal,40,Parceiro/coabitante/vínculo sexual emocional,Arma branca,Incerto/Desconhecido,,2,Tentado,NA,Noite
2025-BR-0284,Imprensa,1,castro,4104907,"Espaço público (rua, praça, parque, bar)",21,Ex-companheiro/ex-coabitante,Arma de fogo,Incerto/Desconhecido,,2,Tentado,32,Noite
2025-BR-0295,Imprensa,1,curitiba,4106902,Incerto/Desconhecido,49,Parceiro/coabitante/vínculo sexual emocional,Arma branca,Incerto/Desconhecido,,2,Tentado,NA,Dia
2025-BR-0304,Imprensa,1,matinhos,4115705,"Espaço público (rua, praça, parque, bar)",NA,Parceiro/coabitante/vínculo sexual emocional,Arma de fogo,Incerto/Desconhecido,,2,Tentado,30,Dia
2025-BR-0328,Imprensa,1,campo largo,4104204,Residência do casal,25,Parceiro/coabitante/vínculo sexual emocional,Arma de fogo,Incerto/Desconhecido,,2,Tentado,NA,Noite
2025-BR-0330,Imprensa,1,cascavel,4104808,"Espaço público (rua, praça, parque, bar)",51,Ex-companheiro/ex-coabitante,Arma branca,Não,1,,Consumado,40,Noite
2025-BR-0340,Imprensa,1,jesuitas,4112751,Outro,17,Membro da família por afiliação,Incerto/Desconhecido,Não,1,,Consumado,19,Dia
2025-BR-0349,Imprensa,1,cascavel,4104808,Casa da vítima,27,Incerto/Desconhecido,Arma de fogo,Incerto/Desconhecido,1,,Consumado,NA,Dia
2025-BR-0356,Imprensa,1,cascavel,4104808,Incerto/Desconhecido,22,Parceiro/coabitante/vínculo sexual emocional,Arma branca,Incerto/Desconhecido,,2,Tentado,NA,Dia
2025-BR-0360,Imprensa,1,medianeira,4115804,Casa do agressor,45,Outro vínculo,Desmembramento/esquartejamento,Incerto/Desconhecido,1,,Consumado,23,Incerto/Desconhecido
2025-BR-0374,Imprensa,1,jataizinho,4112702,Outro,27,Parceiro/coabitante/vínculo sexual emocional,Arma branca,Incerto/Desconhecido,1,,Consumado,18,Noite
2025-BR-0377,Imprensa,1,guaratuba,4109609,Casa da vítima,NA,Conhecido,Arma de fogo,Incerto/Desconhecido,,2,Tentado,NA,Noite
2025-BR-0390,Imprensa,1,campo mourao,4104303,Local de trabalho da vítima,23,Incerto/Desconhecido,Arma de fogo,Não,1,,Consumado,NA,Dia
2025-BR-0393,Imprensa,1,foz do iguacu,4108304,"Espaço público (rua, praça, parque, bar)",20,Ex-companheiro/ex-coabitante,Arma de fogo,Incerto/Desconhecido,,2,Tentado,26,Noite
2025-BR-0394,Imprensa,1,foz do iguacu,4108304,"Espaço público (rua, praça, parque, bar)",28,Conhecido,Arma de fogo,Incerto/Desconhecido,,2,Tentado,26,Noite
2025-BR-0402,Imprensa,1,apucarana,4101408,Outro,30,Parceiro/coabitante/vínculo sexual emocional,Atropelamento com veículo,Incerto/Desconhecido,1,,Consumado,37,Noite
2025-BR-0420,Imprensa,1,pato branco,4118501,Casa da vítima,54,Familiar direto,Arma branca,Não,1,,Consumado,26,Incerto/Desconhecido
2025-BR-0423,Imprensa,1,ponta grossa,4119905,Casa da vítima,45,Incerto/Desconhecido,Arma de fogo,Não,1,,Consumado,NA,Noite
2025-BR-0424,Imprensa,1,ponta grossa,4119905,Casa da vítima,26,Incerto/Desconhecido,Arma de fogo,Não,1,,Consumado,NA,Noite
2025-BR-0426,Imprensa,1,colombo,4105805,Local de trabalho da vítima,NA,Membro da família por afiliação,Arma branca,Incerto/Desconhecido,,2,Tentado,41,Dia
2025-BR-0455,Imprensa,1,marechal candido rondon,4114609,"Espaço público (rua, praça, parque, bar)",NA,Conhecido,Fogo ou outros meios combustíveis,Incerto/Desconhecido,,2,Tentado,NA,Dia
2025-BR-0458,Imprensa,1,general carneiro,4108502,Incerto/Desconhecido,16,Membro da família por afiliação,Asfixia/Estrangulamento,Não,1,,Consumado,36,Incerto/Desconhecido
2025-BR-0467,Imprensa,1,francisco beltrao,4108403,"Espaço público (rua, praça, parque, bar)",17,Ex-companheiro/ex-coabitante,Arma branca,Não,1,,Consumado,27,Noite
2025-BR-0468,Imprensa,1,francisco beltrao,4108403,"Espaço público (rua, praça, parque, bar)",NA,Conhecido,Arma branca,Sim,,2,Tentado,27,Noite
2025-BR-0495,Imprensa,1,curitiba,4106902,Residência do casal,79,Membro da família por afiliação,Incerto/Desconhecido,Não,1,,Consumado,NA,Dia
2025-BR-0499,Imprensa,1,cruzeiro do iguacu,4106571,Casa da vítima,NA,Familiar direto,Arma branca,Incerto/Desconhecido,,2,Tentado,27,Dia
2025-BR-0500,Imprensa,1,curitiba,4106902,"Espaço público (rua, praça, parque, bar)",42,Ex-companheiro/ex-coabitante,Arma de fogo,Incerto/Desconhecido,1,,Consumado,NA,Noite
2025-BR-0506,Imprensa,1,sao jose das palmeiras,4125456,Instituição educacional,31,Ex-companheiro/ex-coabitante,Arma branca,Sim,,2,Tentado,NA,Dia
2025-BR-0507,Imprensa,1,jandaia do sul,4112108,Casa do agressor,NA,Ex-companheiro/ex-coabitante,Asfixia/Enforcamento,Incerto/Desconhecido,,2,Tentado,NA,Dia
2025-BR-0511,Imprensa,2,sao jose dos pinhais,4125506,Residência do casal,44,Parceiro/coabitante/vínculo sexual emocional,Fogo ou outros meios combustíveis,Não,1,,Consumado,55,Noite
2025-BR-0515,Imprensa,2,sao jose dos pinhais,4125506,Casa da vítima,NA,Parceiro/coabitante/vínculo sexual emocional,Espancamento/golpes,Incerto/Desconhecido,,2,Tentado,NA,Noite
2025-BR-0529,SINESP,2,andira,4101101,Incerto/Desconhecido,NA,Incerto/Desconhecido,Incerto/Desconhecido,Incerto/Desconhecido,,2,Tentado,NA,Incerto/Desconhecido
2025-BR-0535,SINESP,2,arapongas,4101507,Incerto/Desconhecido,NA,Incerto/Desconhecido,Incerto/Desconhecido,Incerto/Desconhecido,,2,Tentado,NA,Incerto/Desconhecido
2025-BR-0580,SINESP,2,jandaia do sul,4112108,Incerto/Desconhecido,NA,Incerto/Desconhecido,Incerto/Desconhecido,Incerto/Desconhecido,,2,Tentado,NA,Incerto/Desconhecido
2025-BR-0602,SINESP,2,querencia do norte,4121000,Incerto/Desconhecido,NA,Incerto/Desconhecido,Incerto/Desconhecido,Incerto/Desconhecido,,2,Tentado,NA,Incerto/Desconhecido
2025-BR-0607,SINESP,2,salto do lontra,4123006,Incerto/Desconhecido,NA,Incerto/Desconhecido,Incerto/Desconhecido,Incerto/Desconhecido,,2,Tentado,NA,Incerto/Desconhecido
2025-BR-0614,SINESP,2,santo antonio do sudoeste,4124400,Incerto/Desconhecido,NA,Incerto/Desconhecido,Incerto/Desconhecido,Incerto/Desconhecido,,2,Tentado,NA,Incerto/Desconhecido
2025-BR-0682,Imprensa,2,palmas,4117602,Casa da vítima,NA,Parceiro/coabitante/vínculo sexual emocional,Espancamento/golpes,Incerto/Desconhecido,,2,Tentado,28,Dia
2025-BR-0706,Imprensa,2,matinhos,4115705,Casa da vítima,NA,Parceiro/coabitante/vínculo sexual emocional,Arma de fogo,Sim,1,,Consumado,NA,Dia
2025-BR-0707,Imprensa,2,pien,4106902,Outra habitação,56,Parceiro/coabitante/vínculo sexual emocional,Objetos contundentes,Incerto/Desconhecido,1,,Consumado,NA,Dia
2025-BR-0753,Imprensa,2,maringa,4115200,Casa da vítima,NA,Ex-companheiro/ex-coabitante,Objetos contundentes,Incerto/Desconhecido,,2,Tentado,NA,Noite
2025-BR-0778,Imprensa,2,foz do iguacu,4108304,Incerto/Desconhecido,48,Incerto/Desconhecido,Arma branca,Incerto/Desconhecido,1,,Consumado,NA,Dia
2025-BR-0787,Imprensa,2,curitiba,4106902,"Espaço público (rua, praça, parque, bar)",27,Incerto/Desconhecido,Arma branca,Incerto/Desconhecido,1,,Consumado,NA,Incerto/Desconhecido
2025-BR-0793,Imprensa,2,piraquara,4119509,Casa da vítima,28,Incerto/Desconhecido,Arma de fogo,Sim,1,,Consumado,27,Dia
2025-BR-0797,Imprensa,2,guaira,4108809,"Espaço público (rua, praça, parque, bar)",17,Conhecido,Arma branca,Incerto/Desconhecido,1,,Consumado,67,Noite
2025-BR-0801,Imprensa,2,almirante tamandare,4100400,"Espaço público (rua, praça, parque, bar)",23,Ex-companheiro/ex-coabitante,Arma branca,Sim,1,,Consumado,22,Incerto/Desconhecido
2025-BR-0809,Imprensa,2,curitiba,4106902,Incerto/Desconhecido,33,Membro da família por afiliação,Arma branca,Incerto/Desconhecido,1,,Consumado,NA,Dia
2025-BR-0826,Imprensa,2,missal,4116059,Residência do casal,NA,Parceiro/coabitante/vínculo sexual emocional,Arma branca,Incerto/Desconhecido,,2,Tentado,NA,Noite
2025-BR-0851,Imprensa,2,chopinzinho,4105409,Casa da vítima,45,Incerto/Desconhecido,Arma branca,Incerto/Desconhecido,1,,Consumado,NA,Dia
2025-BR-0857,Imprensa,2,guarapuava,4109401,Outro,27,Parceiro/coabitante/vínculo sexual emocional,Arma de fogo,Incerto/Desconhecido,,2,Tentado,29,Noite
2025-BR-0865,Imprensa,2,curitiba,4106902,Casa da vítima,24,Parceiro/coabitante/vínculo sexual emocional,Arma branca,Sim,1,,Consumado,61,Noite
2025-BR-0866,Imprensa,2,foz do iguacu,4108304,"Espaço público (rua, praça, parque, bar)",25,Ex-companheiro/ex-coabitante,Arma de fogo,Não,1,,Consumado,NA,Noite
2025-BR-0875,Imprensa,2,paranagua,4118204,Terreno baldio/depósito lixo,19,Incerto/Desconhecido,Fogo ou outros meios combustíveis,Sim,1,,Consumado,NA,Incerto/Desconhecido
2025-BR-0880,Imprensa,2,sao mateus do sul,4125605,"Espaço público (rua, praça, parque, bar)",38,Parceiro/coabitante/vínculo sexual emocional,Espancamento/golpes,Incerto/Desconhecido,1,,Consumado,NA,Noite
2025-BR-0881,Imprensa,2,ponta grossa,4119905,Casa da vítima,61,Incerto/Desconhecido,Incerto/Desconhecido,Incerto/Desconhecido,1,,Consumado,NA,Noite
2025-BR-0918,Imprensa,3,toledo,4127700,Casa da vítima,46,Parceiro/coabitante/vínculo sexual emocional,Arma de fogo,Incerto/Desconhecido,1,,Consumado,34,Noite
2025-BR-0952,Imprensa,3,uniao da vitoria,4128203,"Espaço público (rua, praça, parque, bar)",20,Incerto/Desconhecido,Asfixia/Enforcamento,Sim,1,,Consumado,NA,Incerto/Desconhecido
2025-BR-0983,Imprensa,3,ipora,4110607,Casa da vítima,29,Ex-companheiro/ex-coabitante,Fogo ou outros meios combustíveis,Sim,1,,Consumado,39,Dia
2025-BR-1011,Imprensa,3,sarandi,4126256,Casa da vítima,38,Ex-companheiro/ex-coabitante,Arma branca,Não,,2,Tentado,NA,Noite
2025-BR-1012,Imprensa,3,apucarana,4101408,"Espaço público (rua, praça, parque, bar)",19,Parceiro/coabitante/vínculo sexual emocional,Atropelamento com veículo,Não,,2,Tentado,25,Noite
2025-BR-1022,Imprensa,3,maringa,4115200,"Espaço público (rua, praça, parque, bar)",NA,Incerto/Desconhecido,Arma branca,Incerto/Desconhecido,,2,Tentado,NA,Dia
2025-BR-1038,Imprensa,3,colombo,4105805,Casa da vítima,NA,Ex-companheiro/ex-coabitante,Fogo ou outros meios combustíveis,Sim,,2,Tentado,NA,Noite
2025-BR-1074,Imprensa,3,curitiba,4106902,"Espaço público (rua, praça, parque, bar)",31,Parceiro/coabitante/vínculo sexual emocional,Atropelamento com veículo,Incerto/Desconhecido,1,,Consumado,NA,Noite
2025-BR-1099,Imprensa,3,castro,4104907,Incerto/Desconhecido,31,Ex-companheiro/ex-coabitante,Objetos contundentes,Incerto/Desconhecido,,2,Tentado,30,Incerto/Desconhecido
2025-BR-1131,Imprensa,3,cascavel,4104808,"Espaço público (rua, praça, parque, bar)",41,Incerto/Desconhecido,Arma branca,Incerto/Desconhecido,,2,Tentado,NA,Dia
2025-BR-1136,SINESP,3,almirante tamandare,4100400,Incerto/Desconhecido,NA,Incerto/Desconhecido,Incerto/Desconhecido,Incerto/Desconhecido,,2,Tentado,NA,Incerto/Desconhecido
2025-BR-1147,SINESP,3,barracao,4102604,Incerto/Desconhecido,NA,Incerto/Desconhecido,Incerto/Desconhecido,Incerto/Desconhecido,1,,Consumado,NA,Incerto/Desconhecido
2025-BR-1164,SINESP,3,carambei,4104659,Incerto/Desconhecido,NA,Incerto/Desconhecido,Incerto/Desconhecido,Incerto/Desconhecido,,2,Tentado,NA,Incerto/Desconhecido
2025-BR-1179,SINESP,3,curitiba,4106902,Incerto/Desconhecido,NA,Incerto/Desconhecido,Incerto/Desconhecido,Incerto/Desconhecido,,2,Tentado,NA,Incerto/Desconhecido
2025-BR-1196,SINESP,3,foz do iguacu,4108304,Incerto/Desconhecido,NA,Incerto/Desconhecido,Incerto/Desconhecido,Incerto/Desconhecido,,2,Tentado,NA,Incerto/Desconhecido
2025-BR-1232,SINESP,3,mato rico,4115739,Incerto/Desconhecido,NA,Incerto/Desconhecido,Incerto/Desconhecido,Incerto/Desconhecido,,2,Tentado,NA,Incerto/Desconhecido
2025-BR-1252,SINESP,3,palotina,4117909,Incerto/Desconhecido,NA,Incerto/Desconhecido,Incerto/Desconhecido,Incerto/Desconhecido,,2,Tentado,NA,Incerto/Desconhecido
2025-BR-1339,Imprensa,5,paranagua,4118204,Casa da vítima,25,Parceiro/coabitante/vínculo sexual emocional,Espancamento/golpes,Incerto/Desconhecido,,2,Tentado,NA,Noite
2025-BR-1347,Imprensa,4,paranagua,4118204,Residência do casal,24,Parceiro/coabitante/vínculo sexual emocional,Arma de fogo,Incerto/Desconhecido,1,,Consumado,35,Noite
2025-BR-1351,Imprensa,4,pontal do parana,4119954,Casa da vítima,42,Ex-companheiro/ex-coabitante,Arma branca,Incerto/Desconhecido,,2,Tentado,31,Dia
2025-BR-1354,Imprensa,4,francisco beltrao,4108403,Casa da vítima,24,Parceiro/coabitante/vínculo sexual emocional,Arma de fogo,Incerto/Desconhecido,1,,Consumado,32,Dia
2025-BR-1385,Imprensa,4,mangueirinha,4114401,"Espaço público (rua, praça, parque, bar)",36,Ex-companheiro/ex-coabitante,Arma branca,Incerto/Desconhecido,1,,Consumado,NA,Dia
2025-BR-1410,Imprensa,4,francisco beltrao,4108403,Casa da vítima,34,Parceiro/coabitante/vínculo sexual emocional,Arma branca,Sim,,2,Tentado,38,Dia
2025-BR-1413,Imprensa,4,maringa,4115200,Outra habitação,60,Ex-companheiro/ex-coabitante,Arma branca,Incerto/Desconhecido,,2,Tentado,NA,Dia
2025-BR-1417,Imprensa,5,sao jose dos pinhais,4125506,Casa da vítima,NA,Ex-companheiro/ex-coabitante,Arma de fogo,Sim,,2,Tentado,NA,Noite
2025-BR-1418,Imprensa,4,carambei,4104659,"Espaço público (rua, praça, parque, bar)",35,Parceiro/coabitante/vínculo sexual emocional,Asfixia/Enforcamento,Incerto/Desconhecido,,2,Tentado,45,Incerto/Desconhecido
2025-BR-1420,Imprensa,5,mandirituba,4114302,Casa da vítima,24,Ex-companheiro/ex-coabitante,Arma branca,Sim,1,,Consumado,NA,Noite
2025-BR-1483,Imprensa,5,paranagua,4118204,Residência do casal,47,Parceiro/coabitante/vínculo sexual emocional,Arma branca,Sim,,2,Tentado,49,Dia
2025-BR-1506,Imprensa,4,curitiba,4106902,Casa da vítima,35,Outro vínculo,Arma branca,Incerto/Desconhecido,,2,Tentado,NA,Dia
2025-BR-1508,Imprensa,4,grandes rios,4108700,Casa da vítima,NA,Parceiro/coabitante/vínculo sexual emocional,Objetos contundentes,Incerto/Desconhecido,,2,Tentado,NA,Noite
2025-BR-1520,Imprensa,5,marechal candido rondon,4114609,Casa da vítima,NA,Ex-companheiro/ex-coabitante,Arma branca,Sim,,2,Tentado,NA,Dia
2025-BR-1548,Imprensa,5,arapongas,4101507,Casa da vítima,NA,Ex-companheiro/ex-coabitante,Arma branca,Sim,,2,Tentado,NA,Noite
2025-BR-1552,Imprensa,4,jardim alegre,4112504,Casa da vítima,43,Ex-companheiro/ex-coabitante,Arma de fogo,Incerto/Desconhecido,1,,Consumado,NA,Noite
2025-BR-1554,Imprensa,4,jaguapita,4111902,"Espaço público (rua, praça, parque, bar)",30,Ex-companheiro/ex-coabitante,Arma branca,Sim,1,,Consumado,NA,Incerto/Desconhecido
2025-BR-1580,Imprensa,3,curitiba,4106902,"Espaço público (rua, praça, parque, bar)",NA,Outro vínculo,Arma de fogo,Incerto/Desconhecido,,2,Tentado,26,Noite
2025-BR-1632,Imprensa,5,nova prata do iguacu,4117255,Casa da vítima,43,Ex-companheiro/ex-coabitante,Arma branca,Sim,1,,Consumado,46,Dia
2025-BR-1633,Imprensa,4,ponta grossa,4119905,Incerto/Desconhecido,17,Parceiro/coabitante/vínculo sexual emocional,Arma de fogo,Incerto/Desconhecido,,2,Tentado,31,Noite
2025-BR-1635,Imprensa,4,nova esperanca,4116901,"Espaço público (rua, praça, parque, bar)",40,Ex-companheiro/ex-coabitante,Arma branca,Sim,1,,Consumado,42,Noite
2025-BR-1650,Imprensa,5,marechal candido rondon,4114609,Incerto/Desconhecido,NA,Parceiro/coabitante/vínculo sexual emocional,Arma de fogo,Sim,,2,Tentado,NA,Noite
2025-BR-1652,Imprensa,5,marechal candido rondon,4114609,Incerto/Desconhecido,NA,Familiar direto,Arma de fogo,Incerto/Desconhecido,,2,Tentado,NA,Noite
2025-BR-1669,Imprensa,5,ponta grossa,4119905,Casa da vítima,NA,Parceiro/coabitante/vínculo sexual emocional,Arma branca,Sim,,2,Tentado,NA,Noite
2025-BR-1672,Imprensa,5,arapongas,4101507,Casa da vítima,39,Parceiro/coabitante/vínculo sexual emocional,Arma branca,Incerto/Desconhecido,1,,Consumado,NA,Dia
2025-BR-1702,Imprensa,5,maringa,4115200,Casa da vítima,33,Parceiro/coabitante/vínculo sexual emocional,Arma branca,Incerto/Desconhecido,,2,Tentado,NA,Dia
2025-BR-1714,Imprensa,4,arapongas,4101507,"Espaço público (rua, praça, parque, bar)",NA,Parceiro/coabitante/vínculo sexual emocional,Arma branca,Incerto/Desconhecido,,2,Tentado,NA,Dia
2025-BR-1721,Imprensa,4,vitorino,4128708,Casa do agressor,3,Familiar direto,Arma branca,Não,,2,Tentado,NA,Dia
2025-BR-1722,Imprensa,4,colombo,4105805,"Espaço público (rua, praça, parque, bar)",41,Ex-companheiro/ex-coabitante,Arma de fogo,Incerto/Desconhecido,,2,Tentado,42,Dia
2025-BR-1726,Imprensa,5,cambe,4103701,Casa da vítima,36,Ex-companheiro/ex-coabitante,Arma de fogo,Sim,1,,Consumado,NA,Dia
2025-BR-1736,Imprensa,5,londrina,4113700,Casa da vítima,19,Ex-companheiro/ex-coabitante,Arma branca,Incerto/Desconhecido,,2,Tentado,22,Dia
2025-BR-1748,Imprensa,4,apucarana,4101408,Casa da vítima,NA,Ex-companheiro/ex-coabitante,Asfixia/Estrangulamento,Sim,,2,Tentado,NA,Noite
2025-BR-1765,Imprensa,4,ponta grossa,4119905,Casa da vítima,NA,Parceiro/coabitante/vínculo sexual emocional,Asfixia/Estrangulamento,Incerto/Desconhecido,,2,Tentado,NA,Noite
2025-BR-1782,Imprensa,4,imbituva,4110102,Residência do casal,NA,Parceiro/coabitante/vínculo sexual emocional,Arma de fogo,Incerto/Desconhecido,,2,Tentado,32,Incerto/Desconhecido
2025-BR-1792,Imprensa,5,cascavel,4104808,"Espaço público (rua, praça, parque, bar)",NA,Ex-companheiro/ex-coabitante,Atropelamento com veículo,Sim,,2,Tentado,27,Noite
2025-BR-1794,Imprensa,5,cascavel,4104808,"Espaço público (rua, praça, parque, bar)",33,Conhecido,Atropelamento com veículo,Incerto/Desconhecido,,2,Tentado,27,Noite
2025-BR-1816,Imprensa,5,curitiba,4106902,"Espaço público (rua, praça, parque, bar)",26,Outro vínculo,Arma branca,Sim,1,,Consumado,NA,Dia
2025-BR-1826,Imprensa,4,foz do iguacu,4108304,Casa do agressor,NA,Parceiro/coabitante/vínculo sexual emocional,Espancamento/golpes,Incerto/Desconhecido,1,,Consumado,37,Dia
2025-BR-1837,Imprensa,4,sapopema,4126207,"Espaço público (rua, praça, parque, bar)",28,Parceiro/coabitante/vínculo sexual emocional,Jogada/empurrada de altura,Incerto/Desconhecido,1,,Consumado,44,Incerto/Desconhecido
2025-BR-1839,Imprensa,5,ponta grossa,4119905,"Espaço público (rua, praça, parque, bar)",34,Parceiro/coabitante/vínculo sexual emocional,Arma branca,Incerto/Desconhecido,,2,Tentado,45,Noite
2025-BR-1900,Imprensa,4,diamante d oeste,4107157,Casa da vítima,NA,Parceiro/coabitante/vínculo sexual emocional,Incerto/Desconhecido,Incerto/Desconhecido,1,,Consumado,NA,Dia
2025-BR-1920,Imprensa,5,campo largo,4104204,"Espaço público (rua, praça, parque, bar)",39,Parceiro/coabitante/vínculo sexual emocional,Atropelamento com veículo,Incerto/Desconhecido,1,,Consumado,44,Noite
2025-BR-1936,Imprensa,5,paicandu,4117503,Casa do agressor,26,Ex-companheiro/ex-coabitante,Arma branca,Sim,,2,Tentado,NA,Noite
2025-BR-2014,Imprensa,5,bom sucesso,4103206,Incerto/Desconhecido,63,Familiar direto,Outros,Não,1,,Consumado,46,Dia
2025-BR-2038,SINESP,4,carlopolis,4104709,Incerto/Desconhecido,NA,Incerto/Desconhecido,Incerto/Desconhecido,Incerto/Desconhecido,,2,Tentado,NA,Incerto/Desconhecido
2025-BR-2042,SINESP,4,castro,4104907,Incerto/Desconhecido,NA,Incerto/Desconhecido,Incerto/Desconhecido,Incerto/Desconhecido,,2,Tentado,NA,Incerto/Desconhecido
2025-BR-2142,SINESP,5,araucaria,4101804,Incerto/Desconhecido,NA,Incerto/Desconhecido,Incerto/Desconhecido,Incerto/Desconhecido,,2,Tentado,NA,Incerto/Desconhecido
2025-BR-2143,SINESP,4,medianeira,4115804,Incerto/Desconhecido,NA,Incerto/Desconhecido,Incerto/Desconhecido,Incerto/Desconhecido,,2,Tentado,NA,Incerto/Desconhecido
2025-BR-2144,SINESP,5,araucaria,4101804,Incerto/Desconhecido,NA,Incerto/Desconhecido,Incerto/Desconhecido,Incerto/Desconhecido,,2,Tentado,NA,Incerto/Desconhecido
2025-BR-2173,SINESP,4,paranacity,4118105,Incerto/Desconhecido,NA,Incerto/Desconhecido,Incerto/Desconhecido,Incerto/Desconhecido,,2,Tentado,NA,Incerto/Desconhecido
2025-BR-2175,SINESP,4,paranacity,4118105,Incerto/Desconhecido,NA,Incerto/Desconhecido,Incerto/Desconhecido,Incerto/Desconhecido,,2,Tentado,NA,Incerto/Desconhecido
2025-BR-2181,SINESP,4,piraquara,4119509,Incerto/Desconhecido,NA,Incerto/Desconhecido,Incerto/Desconhecido,Incerto/Desconhecido,,2,Tentado,NA,Incerto/Desconhecido
2025-BR-2186,SINESP,4,pontal do parana,4119954,Incerto/Desconhecido,NA,Incerto/Desconhecido,Incerto/Desconhecido,Incerto/Desconhecido,,2,Tentado,NA,Incerto/Desconhecido
2025-BR-2195,SINESP,5,cambe,4103701,Incerto/Desconhecido,NA,Incerto/Desconhecido,Incerto/Desconhecido,Incerto/Desconhecido,,2,Tentado,NA,Incerto/Desconhecido
2025-BR-2201,SINESP,5,campo largo,4104204,Incerto/Desconhecido,NA,Incerto/Desconhecido,Incerto/Desconhecido,Incerto/Desconhecido,,2,Tentado,NA,Incerto/Desconhecido
2025-BR-2220,SINESP,4,santa helena,4123501,Incerto/Desconhecido,NA,Incerto/Desconhecido,Incerto/Desconhecido,Incerto/Desconhecido,,2,Tentado,NA,Incerto/Desconhecido
2025-BR-2225,SINESP,5,curitiba,4106902,Incerto/Desconhecido,NA,Incerto/Desconhecido,Incerto/Desconhecido,Incerto/Desconhecido,,2,Tentado,NA,Incerto/Desconhecido
2025-BR-2395,SINESP,5,piraquara,4119509,Incerto/Desconhecido,NA,Incerto/Desconhecido,Incerto/Desconhecido,Incerto/Desconhecido,,2,Tentado,NA,Incerto/Desconhecido
2025-BR-2547,Imprensa,6,ivaipora,4111506,"Espaço público (rua, praça, parque, bar)",NA,Outro vínculo,Atropelamento com veículo,Incerto/Desconhecido,,2,Tentado,NA,Noite
2025-BR-2554,Imprensa,5,campo largo,4104204,Incerto/Desconhecido,40,Parceiro/coabitante/vínculo sexual emocional,Espancamento/golpes,Incerto/Desconhecido,,2,Tentado,NA,Noite
2025-BR-2564,Imprensa,5,nova esperanca,4116901,Residência do casal,51,Parceiro/coabitante/vínculo sexual emocional,Espancamento/golpes,Incerto/Desconhecido,1,,Consumado,40,Incerto/Desconhecido
2025-BR-2573,Imprensa,6,curitiba,4106902,Hotel/Motel/Pousada/Alojamento,24,Incerto/Desconhecido,Outros,Sim,1,,Consumado,NA,Incerto/Desconhecido
2025-BR-2579,Imprensa,6,maringa,4115200,Residência do casal,47,Parceiro/coabitante/vínculo sexual emocional,Fogo ou outros meios combustíveis,Incerto/Desconhecido,,2,Tentado,39,Noite
2025-BR-2583,Imprensa,6,ponta grossa,4119905,Casa da vítima,32,Incerto/Desconhecido,Incerto/Desconhecido,Incerto/Desconhecido,1,,Consumado,NA,Incerto/Desconhecido
2025-BR-2592,Imprensa,6,quatro barras,4120804,"Espaço público (rua, praça, parque, bar)",NA,Ex-companheiro/ex-coabitante,Arma branca,Sim,,2,Tentado,NA,Dia
2025-BR-2608,Imprensa,6,guarapuava,4109401,Residência do casal,24,Parceiro/coabitante/vínculo sexual emocional,Arma branca,Incerto/Desconhecido,,2,Tentado,32,Dia
2025-BR-2627,Imprensa,6,rio branco do sul,4122206,Residência do casal,17,Parceiro/coabitante/vínculo sexual emocional,Arma branca,Não,1,,Consumado,27,Incerto/Desconhecido
2025-BR-2638,Imprensa,5,cascavel,4104808,Incerto/Desconhecido,NA,Parceiro/coabitante/vínculo sexual emocional,Objetos contundentes,Incerto/Desconhecido,,2,Tentado,NA,Noite
2025-BR-2649,Imprensa,6,curitiba,4106902,"Espaço público (rua, praça, parque, bar)",55,Parceiro/coabitante/vínculo sexual emocional,Arma branca,Incerto/Desconhecido,,2,Tentado,NA,Dia
2025-BR-2659,Imprensa,6,curitiba,4106902,Residência do casal,36,Parceiro/coabitante/vínculo sexual emocional,Arma branca,Sim,1,,Consumado,40,Incerto/Desconhecido
2025-BR-2730,Imprensa,6,sao jose dos pinhais,4125506,Incerto/Desconhecido,44,Ex-companheiro/ex-coabitante,Incerto/Desconhecido,Não,1,,Consumado,54,Dia
2025-BR-2736,Imprensa,6,foz do iguacu,4108304,Incerto/Desconhecido,29,Incerto/Desconhecido,Espancamento/golpes,Incerto/Desconhecido,1,,Consumado,NA,Incerto/Desconhecido
2025-BR-2756,Imprensa,6,almirante tamandare,4100400,Incerto/Desconhecido,43,Parceiro/coabitante/vínculo sexual emocional,Espancamento/golpes,Incerto/Desconhecido,,2,Tentado,NA,Noite
2025-BR-2897,SINESP,6,araucaria,4101804,Incerto/Desconhecido,NA,Incerto/Desconhecido,Incerto/Desconhecido,Incerto/Desconhecido,,2,Tentado,NA,Incerto/Desconhecido
2025-BR-2899,SINESP,6,curiuva,4107009,Incerto/Desconhecido,NA,Incerto/Desconhecido,Incerto/Desconhecido,Incerto/Desconhecido,,2,Tentado,NA,Incerto/Desconhecido
2025-BR-2900,SINESP,6,laranjeiras do sul,4113304,Incerto/Desconhecido,NA,Incerto/Desconhecido,Incerto/Desconhecido,Incerto/Desconhecido,1,,Consumado,NA,Incerto/Desconhecido
2025-BR-2901,SINESP,6,marechal candido rondon,4114609,Incerto/Desconhecido,NA,Incerto/Desconhecido,Incerto/Desconhecido,Incerto/Desconhecido,,2,Tentado,NA,Incerto/Desconhecido
2025-BR-2902,SINESP,6,marechal candido rondon,4114609,Incerto/Desconhecido,NA,Incerto/Desconhecido,Incerto/Desconhecido,Incerto/Desconhecido,,2,Tentado,NA,Incerto/Desconhecido
2025-BR-2903,SINESP,6,palotina,4117909,Incerto/Desconhecido,NA,Incerto/Desconhecido,Incerto/Desconhecido,Incerto/Desconhecido,1,,Consumado,NA,Incerto/Desconhecido
2025-BR-2904,SINESP,6,paranagua,4118204,Incerto/Desconhecido,NA,Incerto/Desconhecido,Incerto/Desconhecido,Incerto/Desconhecido,,2,Tentado,NA,Incerto/Desconhecido
2025-BR-2905,SINESP,6,pitanga,4119608,Incerto/Desconhecido,NA,Incerto/Desconhecido,Incerto/Desconhecido,Incerto/Desconhecido,,2,Tentado,NA,Incerto/Desconhecido
2025-BR-2906,SINESP,6,santo antonio da platina,4124103,Incerto/Desconhecido,NA,Incerto/Desconhecido,Incerto/Desconhecido,Incerto/Desconhecido,,2,Tentado,NA,Incerto/Desconhecido
2025-BR-2908,SINESP,6,sertanopolis,4126504,Incerto/Desconhecido,NA,Incerto/Desconhecido,Incerto/Desconhecido,Incerto/Desconhecido,,2,Tentado,NA,Incerto/Desconhecido
2025-BR-2909,SINESP,6,sertanopolis,4126504,Incerto/Desconhecido,NA,Incerto/Desconhecido,Incerto/Desconhecido,Incerto/Desconhecido,,2,Tentado,NA,Incerto/Desconhecido
2025-BR-2910,SINESP,6,sao joao do caiua,4124905,Incerto/Desconhecido,NA,Incerto/Desconhecido,Incerto/Desconhecido,Incerto/Desconhecido,,2,Tentado,NA,Incerto/Desconhecido
2025-BR-2911,SINESP,6,sao joao do caiua,4124905,Incerto/Desconhecido,NA,Incerto/Desconhecido,Incerto/Desconhecido,Incerto/Desconhecido,,2,Tentado,NA,Incerto/Desconhecido
2025-BR-2993,SINESP,4,santa helena,4123501,Incerto/Desconhecido,NA,Incerto/Desconhecido,Incerto/Desconhecido,Incerto/Desconhecido,1,,Consumado,NA,Incerto/Desconhecido
2025-BR-3024,Imprensa,5,curitiba,4106902,Casa do agressor,20,Conhecido,Asfixia/Estrangulamento,Não,1,,Consumado,NA,Dia
2025-BR-3026,Imprensa,5,realeza,4121406,Casa da vítima,NA,Familiar direto,Arma branca,Incerto/Desconhecido,,2,Tentado,22,Incerto/Desconhecido
2025-BR-3045,Imprensa,6,ibipora,4109807,Residência do casal,26,Parceiro/coabitante/vínculo sexual emocional,Objetos contundentes,Sim,,2,Tentado,25,Incerto/Desconhecido
2025-BR-3055,Imprensa,6,curitiba,4106902,Residência do casal,26,Parceiro/coabitante/vínculo sexual emocional,Espancamento/golpes,Incerto/Desconhecido,1,,Consumado,NA,Incerto/Desconhecido
2025-BR-3061,Imprensa,6,francisco beltrao,4108403,Residência do casal,NA,Familiar direto,Arma de fogo,Não,1,,Consumado,13,Dia
2025-BR-3099,Imprensa,8,andira,4101101,Incerto/Desconhecido,NA,Parceiro/coabitante/vínculo sexual emocional,Arma branca,Sim,,2,Tentado,36,Incerto/Desconhecido
2025-BR-3112,Imprensa,8,arapongas,4101507,Casa da vítima,NA,Ex-companheiro/ex-coabitante,Fogo ou outros meios combustíveis,Incerto/Desconhecido,,2,Tentado,60,Incerto/Desconhecido
2025-BR-3213,Imprensa,8,cascavel,4104808,Casa da vítima,14,Familiar direto,Arma branca,Incerto/Desconhecido,1,,Consumado,19,Dia
2025-BR-3214,Imprensa,8,cascavel,4104808,Casa da vítima,31,Familiar direto,Arma branca,Sim,,2,Tentado,19,Dia
2025-BR-3250,Imprensa,8,curitiba,4106902,Incerto/Desconhecido,NA,Incerto/Desconhecido,Incerto/Desconhecido,Incerto/Desconhecido,,2,Tentado,NA,Incerto/Desconhecido
2025-BR-3262,Imprensa,8,entre rios do oeste,4107538,Casa da vítima,NA,Ex-companheiro/ex-coabitante,Arma branca,Incerto/Desconhecido,,2,Tentado,NA,Noite
2025-BR-3282,Imprensa,8,foz do iguacu,4108304,"Espaço público (rua, praça, parque, bar)",23,Incerto/Desconhecido,Arma de fogo,Sim,1,,Consumado,NA,Noite
2025-BR-3283,Imprensa,8,foz do iguacu,4108304,Incerto/Desconhecido,NA,Incerto/Desconhecido,Incerto/Desconhecido,Incerto/Desconhecido,,2,Tentado,NA,Incerto/Desconhecido
2025-BR-3298,Imprensa,8,guairaca,4108908,Residência do casal,28,Parceiro/coabitante/vínculo sexual emocional,Arma branca,Incerto/Desconhecido,1,,Consumado,31,Incerto/Desconhecido
2025-BR-3312,Imprensa,8,ibipora,4109807,Incerto/Desconhecido,34,Ex-companheiro/ex-coabitante,Arma branca,Sim,1,,Consumado,NA,Dia
2025-BR-3327,Imprensa,8,irati,4110706,Casa da vítima,NA,Parceiro/coabitante/vínculo sexual emocional,Arma de fogo,Incerto/Desconhecido,1,,Consumado,NA,Noite
2025-BR-3342,Imprensa,8,jacarezinho,4111803,"Espaço público (rua, praça, parque, bar)",49,Ex-companheiro/ex-coabitante,Arma branca,Incerto/Desconhecido,,2,Tentado,58,Dia
2025-BR-3343,Imprensa,8,jacarezinho,4111803,"Espaço público (rua, praça, parque, bar)",23,Membro da família por afiliação,Arma branca,Incerto/Desconhecido,,2,Tentado,58,Dia
2025-BR-3366,Imprensa,8,laranjeiras,4113304,Incerto/Desconhecido,NA,Incerto/Desconhecido,Incerto/Desconhecido,Incerto/Desconhecido,,2,Tentado,NA,Incerto/Desconhecido
2025-BR-3374,Imprensa,8,lunardelli,4113759,Incerto/Desconhecido,NA,Incerto/Desconhecido,Incerto/Desconhecido,Incerto/Desconhecido,,2,Tentado,NA,Incerto/Desconhecido
2025-BR-3396,Imprensa,8,marechal candido rondon,4114609,Residência do casal,NA,Membro da família por afiliação,Arma branca,Incerto/Desconhecido,,2,Tentado,NA,Noite
2025-BR-3398,Imprensa,8,maria helena,4114708,Incerto/Desconhecido,28,Parceiro/coabitante/vínculo sexual emocional,Arma branca,Incerto/Desconhecido,,2,Tentado,25,Dia
2025-BR-3399,SINESP,8,araucaria,4101804,Incerto/Desconhecido,NA,Incerto/Desconhecido,Incerto/Desconhecido,Incerto/Desconhecido,,2,Tentado,NA,Incerto/Desconhecido
2025-BR-3401,Imprensa,8,mariluz,4115101,Casa da vítima,46,Ex-companheiro/ex-coabitante,Arma branca,Incerto/Desconhecido,,2,Tentado,63,Noite
2025-BR-3402,SINESP,8,entre rios do oeste,4107538,Incerto/Desconhecido,NA,Incerto/Desconhecido,Incerto/Desconhecido,Incerto/Desconhecido,,2,Tentado,NA,Incerto/Desconhecido
2025-BR-3403,SINESP,8,francisco beltrao,4108403,Incerto/Desconhecido,NA,Incerto/Desconhecido,Incerto/Desconhecido,Incerto/Desconhecido,,2,Tentado,NA,Incerto/Desconhecido
2025-BR-3404,SINESP,8,loanda,4113502,Incerto/Desconhecido,NA,Incerto/Desconhecido,Incerto/Desconhecido,Incerto/Desconhecido,,2,Tentado,NA,Incerto/Desconhecido
2025-BR-3406,SINESP,8,londrina,4113700,Incerto/Desconhecido,NA,Incerto/Desconhecido,Incerto/Desconhecido,Incerto/Desconhecido,,2,Tentado,NA,Incerto/Desconhecido
2025-BR-3408,SINESP,8,matinhos,4115705,Incerto/Desconhecido,NA,Incerto/Desconhecido,Incerto/Desconhecido,Incerto/Desconhecido,,2,Tentado,NA,Incerto/Desconhecido
2025-BR-3410,SINESP,8,sabaudia,4122701,Incerto/Desconhecido,NA,Incerto/Desconhecido,Incerto/Desconhecido,Incerto/Desconhecido,,2,Tentado,NA,Incerto/Desconhecido
2025-BR-3432,Imprensa,8,nova esperanca do sudoeste,4116950,Incerto/Desconhecido,NA,Parceiro/coabitante/vínculo sexual emocional,Arma branca,Incerto/Desconhecido,,2,Tentado,NA,Dia
2025-BR-3446,Imprensa,8,paicandu,4117503,Casa da vítima,48,Parceiro/coabitante/vínculo sexual emocional,Arma branca,Incerto/Desconhecido,1,,Consumado,NA,Noite
2025-BR-3459,Imprensa,8,pato branco,4118501,Casa da vítima,NA,Parceiro/coabitante/vínculo sexual emocional,Arma branca,Incerto/Desconhecido,,2,Tentado,NA,Noite
2025-BR-3486,Imprensa,8,ponta grossa,4119905,Casa da vítima,NA,Incerto/Desconhecido,Arma branca,Incerto/Desconhecido,,2,Tentado,NA,Dia
2025-BR-3550,Imprensa,8,santa mariana,4123907,Incerto/Desconhecido,21,Ex-companheiro/ex-coabitante,Arma branca,Incerto/Desconhecido,,2,Tentado,NA,Incerto/Desconhecido
2025-BR-3583,Imprensa,8,sao jose dos pinhais,4125506,Residência do casal,28,Parceiro/coabitante/vínculo sexual emocional,Asfixia/Enforcamento,Incerto/Desconhecido,1,,Consumado,37,Noite
2025-BR-3621,Imprensa,8,siqueira campos,4126603,Casa da vítima,40,Ex-companheiro/ex-coabitante,Fogo ou outros meios combustíveis,Incerto/Desconhecido,,2,Tentado,NA,Dia
2025-BR-3936,SINESP,7,colombo,4105805,Incerto/Desconhecido,NA,Incerto/Desconhecido,Incerto/Desconhecido,Incerto/Desconhecido,,2,Tentado,NA,Incerto/Desconhecido
2025-BR-3937,SINESP,7,marechal candido rondon,4114609,Incerto/Desconhecido,NA,Incerto/Desconhecido,Incerto/Desconhecido,Incerto/Desconhecido,,2,Tentado,NA,Incerto/Desconhecido
2025-BR-3938,SINESP,7,pato branco,4118501,Incerto/Desconhecido,NA,Incerto/Desconhecido,Incerto/Desconhecido,Incerto/Desconhecido,1,,Consumado,NA,Incerto/Desconhecido
2025-BR-3939,SINESP,7,sao pedro do iguacu,4125753,Incerto/Desconhecido,NA,Incerto/Desconhecido,Incerto/Desconhecido,Incerto/Desconhecido,,2,Tentado,NA,Incerto/Desconhecido
2025-BR-3940,Imprensa,7,francisco beltrao,4108403,Incerto/Desconhecido,52,Incerto/Desconhecido,Espancamento/golpes,Incerto/Desconhecido,,2,Tentado,48,Dia
2025-BR-3941,Imprensa,7,guarapuava,4109401,Residência do casal,26,Parceiro/coabitante/vínculo sexual emocional,Arma branca,Sim,,2,Tentado,29,Dia
2025-BR-3942,Imprensa,7,colombo,4105805,Casa da vítima,17,Membro da família por afiliação,Arma branca,Não,1,,Consumado,42,Dia
2025-BR-3943,Imprensa,7,maringa,4115200,Casa da vítima,41,Ex-companheiro/ex-coabitante,Arma branca,Sim,,2,Tentado,NA,Dia
2025-BR-3944,Imprensa,7,curitiba,4106902,Incerto/Desconhecido,35,Parceiro/coabitante/vínculo sexual emocional,Arma branca,Sim,,2,Tentado,35,Incerto/Desconhecido
2025-BR-3945,Imprensa,7,jacarezinho,4111803,"Espaço público (rua, praça, parque, bar)",23,Não se conheciam,Espancamento/golpes,Incerto/Desconhecido,,2,Tentado,NA,Noite
2025-BR-3946,Imprensa,7,boa esperanca,4103008,Incerto/Desconhecido,20,Parceiro/coabitante/vínculo sexual emocional,Arma de fogo,Incerto/Desconhecido,,2,Tentado,22,Incerto/Desconhecido
2025-BR-3947,Imprensa,7,curitiba,4106902,Hotel/Motel/Pousada/Alojamento,43,Conhecido,Arma branca,Incerto/Desconhecido,1,,Consumado,50,Dia
2025-BR-3948,Imprensa,7,curitiba,4106902,Casa da vítima,61,Ex-companheiro/ex-coabitante,Arma de fogo,Incerto/Desconhecido,,2,Tentado,50,Noite
2025-BR-3949,Imprensa,7,londrina,4113700,Casa da vítima,NA,Ex-companheiro/ex-coabitante,Arma branca,Sim,,2,Tentado,55,Incerto/Desconhecido
2025-BR-3950,Imprensa,7,curitiba,4106902,Residência do casal,27,Parceiro/coabitante/vínculo sexual emocional,Arma de fogo,Incerto/Desconhecido,1,,Consumado,30,Incerto/Desconhecido
2025-BR-3951,Imprensa,7,pato branco,4118501,Casa da vítima,NA,Ex-companheiro/ex-coabitante,Arma de fogo,Incerto/Desconhecido,,2,Tentado,NA,Dia
2025-BR-3952,Imprensa,7,sarandi,4126256,Residência do casal,37,Parceiro/coabitante/vínculo sexual emocional,Arma branca,Incerto/Desconhecido,,2,Tentado,38,Incerto/Desconhecido
2025-BR-3953,Imprensa,7,colombo,4105805,Casa da vítima,59,Familiar direto,Incerto/Desconhecido,Não,1,,Consumado,27,Incerto/Desconhecido
2025-BR-3954,Imprensa,7,florai,4107801,Casa do agressor,33,Ex-companheiro/ex-coabitante,Espancamento/golpes,Sim,,2,Tentado,36,Incerto/Desconhecido
2025-BR-4251,Imprensa,9,abatia,4100103,Incerto/Desconhecido,33,Parceiro/coabitante/vínculo sexual emocional,Arma branca,Sim,,2,Tentado,NA,Dia
2025-BR-4256,SINESP,9,apucarana,4101408,Incerto/Desconhecido,NA,Incerto/Desconhecido,Incerto/Desconhecido,Incerto/Desconhecido,,2,Tentado,NA,Incerto/Desconhecido
2025-BR-4269,Imprensa,9,rio branco do sul,4122206,Casa da vítima,37,Parceiro/coabitante/vínculo sexual emocional,Arma de fogo,Sim,1,,Consumado,NA,Noite
2025-BR-4317,Imprensa,9,candoi,4104428,Residência do casal,27,Parceiro/coabitante/vínculo sexual emocional,Espancamento/golpes,Incerto/Desconhecido,,2,Tentado,NA,Dia
2025-BR-4318,Imprensa,9,cascavel,4104808,Residência do casal,48,Parceiro/coabitante/vínculo sexual emocional,Arma branca,Incerto/Desconhecido,1,,Consumado,45,Dia
2025-BR-4345,SINESP,9,cidade gaucha,4105607,Incerto/Desconhecido,NA,Incerto/Desconhecido,Incerto/Desconhecido,Incerto/Desconhecido,,2,Tentado,NA,Incerto/Desconhecido
2025-BR-4346,Imprensa,9,curitiba,4106902,Residência do casal,44,Parceiro/coabitante/vínculo sexual emocional,Espancamento/golpes,Incerto/Desconhecido,1,,Consumado,22,Dia
2025-BR-4370,Imprensa,9,curitiba,4106902,Incerto/Desconhecido,NA,Incerto/Desconhecido,Incerto/Desconhecido,Incerto/Desconhecido,,2,Tentado,NA,Incerto/Desconhecido
2025-BR-4396,SINESP,9,curitiba,4106902,Incerto/Desconhecido,NA,Incerto/Desconhecido,Incerto/Desconhecido,Incerto/Desconhecido,,2,Tentado,NA,Incerto/Desconhecido
2025-BR-4408,SINESP,9,curitiba,4106902,Incerto/Desconhecido,NA,Incerto/Desconhecido,Incerto/Desconhecido,Incerto/Desconhecido,,2,Tentado,NA,Incerto/Desconhecido
2025-BR-4409,Imprensa,9,farol,4107553,Residência do casal,40,Parceiro/coabitante/vínculo sexual emocional,Asfixia/Estrangulamento,Não,,2,Tentado,46,Noite
2025-BR-4410,SINESP,9,fazenda rio grande,4107652,Incerto/Desconhecido,NA,Incerto/Desconhecido,Incerto/Desconhecido,Incerto/Desconhecido,,2,Tentado,NA,Incerto/Desconhecido
2025-BR-4417,SINESP,9,foz do iguacu,4108304,Incerto/Desconhecido,NA,Incerto/Desconhecido,Incerto/Desconhecido,Incerto/Desconhecido,,2,Tentado,NA,Incerto/Desconhecido
2025-BR-4423,Imprensa,9,goioere,4108601,"Espaço público (rua, praça, parque, bar)",34,Membro da família por afiliação,Arma branca,Incerto/Desconhecido,,2,Tentado,NA,Noite
2025-BR-4425,Imprensa,9,iretama,4110805,Casa da vítima,NA,Parceiro/coabitante/vínculo sexual emocional,Arma de fogo,Incerto/Desconhecido,,2,Tentado,NA,Noite
2025-BR-4428,Imprensa,9,ivaipora,4111506,Residência do casal,NA,Parceiro/coabitante/vínculo sexual emocional,Espancamento/golpes,Incerto/Desconhecido,,2,Tentado,NA,Dia
2025-BR-4450,Imprensa,9,jataizinho,4112702,Residência do casal,40,Parceiro/coabitante/vínculo sexual emocional,Arma branca,Sim,1,,Consumado,30,Noite
2025-BR-4465,Imprensa,9,jataizinho,4112702,Casa da vítima,16,Membro da família por afiliação,Arma branca,Não,,2,Tentado,30,Noite
2025-BR-4646,Imprensa,9,londrina,4113700,"Espaço público (rua, praça, parque, bar)",25,Ex-companheiro/ex-coabitante,Arma branca,Incerto/Desconhecido,1,,Consumado,39,Noite
2025-BR-4647,Imprensa,9,nova santa rosa,4117222,Casa da vítima,NA,Ex-companheiro/ex-coabitante,Arma branca,Sim,,2,Tentado,NA,Dia
2025-BR-4648,Imprensa,9,palmas,4117602,Incerto/Desconhecido,NA,Incerto/Desconhecido,Incerto/Desconhecido,Incerto/Desconhecido,,2,Tentado,NA,Incerto/Desconhecido
2025-BR-4649,Imprensa,9,palmeira,4117701,Casa da vítima,NA,Parceiro/coabitante/vínculo sexual emocional,Espancamento/golpes,Sim,,2,Tentado,35,Dia
2025-BR-4650,Imprensa,9,pitanga,4119608,"Espaço público (rua, praça, parque, bar)",20,Ex-companheiro/ex-coabitante,Atropelamento com veículo,Incerto/Desconhecido,,2,Tentado,20,Noite
2025-BR-4651,Imprensa,9,pontal do parana,4119954,Incerto/Desconhecido,35,Ex-companheiro/ex-coabitante,Arma branca,Incerto/Desconhecido,,2,Tentado,35,Dia
2025-BR-4652,Imprensa,9,rio branco do ivai,4122172,"Espaço público (rua, praça, parque, bar)",NA,Ex-companheiro/ex-coabitante,Arma branca,Incerto/Desconhecido,,2,Tentado,NA,Noite
2025-BR-4653,SINESP,9,rolandia,4122404,Incerto/Desconhecido,NA,Incerto/Desconhecido,Incerto/Desconhecido,Incerto/Desconhecido,,2,Tentado,NA,Incerto/Desconhecido
2025-BR-4654,Imprensa,9,rolandia,4122404,Residência do casal,30,Membro da família por afiliação,Arma branca,Incerto/Desconhecido,1,,Consumado,26,Noite
2025-BR-4655,SINESP,9,rosario do ivai,4122651,Incerto/Desconhecido,NA,Incerto/Desconhecido,Incerto/Desconhecido,Incerto/Desconhecido,,2,Tentado,NA,Incerto/Desconhecido
2025-BR-4656,Imprensa,9,salto do lontra,4123006,Incerto/Desconhecido,NA,Parceiro/coabitante/vínculo sexual emocional,Arma branca,Incerto/Desconhecido,,2,Tentado,NA,Dia
2025-BR-4657,Imprensa,9,santo antonio da platina,4124103,Casa da vítima,NA,Ex-companheiro/ex-coabitante,Arma branca,Incerto/Desconhecido,,2,Tentado,21,Noite
2025-BR-4658,Imprensa,9,sao carlos do ivai,4124608,Casa da vítima,25,Ex-companheiro/ex-coabitante,Arma branca,Incerto/Desconhecido,,2,Tentado,NA,Noite
2025-BR-4659,Imprensa,9,sao miguel do iguacu,4125704,Residência do casal,37,Parceiro/coabitante/vínculo sexual emocional,Arma de fogo,Sim,1,,Consumado,37,Incerto/Desconhecido
2025-BR-4660,Imprensa,9,sarandi,4126256,Casa da vítima,41,Ex-companheiro/ex-coabitante,Arma branca,Sim,1,,Consumado,43,Noite
2025-BR-4726,Imprensa,11,paranagua,4118204,Incerto/Desconhecido,31,Parceiro/coabitante/vínculo sexual emocional,Arma branca,Incerto/Desconhecido,1,,Consumado,27,Dia
2025-BR-4756,Imprensa,10,apucarana,4101408,Residência do casal,19,Parceiro/coabitante/vínculo sexual emocional,Arma branca,Incerto/Desconhecido,,2,Tentado,26,Dia
2025-BR-4794,Imprensa,10,apucarana,4101408,Residência do casal,19,Parceiro/coabitante/vínculo sexual emocional,Arma branca,Incerto/Desconhecido,,2,Tentado,26,Dia
2025-BR-4795,Imprensa,10,arapongas,4101507,Hotel/Motel/Pousada/Alojamento,NA,Incerto/Desconhecido,Arma branca,Incerto/Desconhecido,,2,Tentado,NA,Dia
2025-BR-4810,Imprensa,10,arapongas,4101507,Outra habitação,NA,Parceiro/coabitante/vínculo sexual emocional,Arma branca,Incerto/Desconhecido,,2,Tentado,NA,Noite
2025-BR-4839,Imprensa,10,araucaria,4101804,Residência do casal,28,Parceiro/coabitante/vínculo sexual emocional,Arma branca,Sim,,2,Tentado,NA,Dia
2025-BR-4845,Imprensa,10,araucaria,4101804,Casa da vítima,66,Parceiro/coabitante/vínculo sexual emocional,Arma branca,Não,1,,Consumado,55,Dia
2025-BR-4875,Imprensa,10,campina da lagoa,4103909,"Espaço público (rua, praça, parque, bar)",NA,Ex-companheiro/ex-coabitante,Arma branca,Incerto/Desconhecido,,2,Tentado,NA,Noite
2025-BR-4881,Imprensa,10,cascavel,4104808,Casa da vítima,19,Familiar direto,Arma branca,Incerto/Desconhecido,,2,Tentado,21,Dia
2025-BR-4919,Imprensa,10,cascavel,4104808,Casa da vítima,54,Parceiro/coabitante/vínculo sexual emocional,Arma branca,Incerto/Desconhecido,,2,Tentado,NA,Noite
2025-BR-4961,Imprensa,10,curitiba,4106902,Local de trabalho da vítima,45,Ex-companheiro/ex-coabitante,Arma branca,Não,1,,Consumado,56,Noite
2025-BR-4963,Imprensa,10,curitiba,4106902,Outro,22,Familiar direto,Arma branca,Incerto/Desconhecido,,2,Tentado,56,Noite
2025-BR-5002,Imprensa,10,foz do iguacu,4108304,Residência do casal,55,Parceiro/coabitante/vínculo sexual emocional,Arma branca,Incerto/Desconhecido,1,,Consumado,70,Noite
2025-BR-5009,Imprensa,10,guarapuava,4109401,Casa da vítima,32,Ex-companheiro/ex-coabitante,Fogo ou outros meios combustíveis,Sim,,2,Tentado,34,Dia
2025-BR-5010,Imprensa,10,ipiranga,4110508,Local de trabalho da vítima,NA,Não se conheciam,Espancamento/golpes,Incerto/Desconhecido,,2,Tentado,NA,Noite
2025-BR-5051,Imprensa,10,londrina,4113700,Casa da vítima,61,Familiar direto,Arma branca,Incerto/Desconhecido,,2,Tentado,25,Noite
2025-BR-5056,Imprensa,10,lupionopolis,4113809,"Espaço público (rua, praça, parque, bar)",26,Ex-companheiro/ex-coabitante,Atropelamento com veículo,Incerto/Desconhecido,,2,Tentado,39,Dia
2025-BR-5057,Imprensa,10,nova esperanca,4116901,Incerto/Desconhecido,20,Parceiro/coabitante/vínculo sexual emocional,Arma de fogo,Incerto/Desconhecido,,2,Tentado,NA,Noite
2025-BR-5060,Imprensa,10,peabiru,4118808,Outra habitação,34,Conhecido,Arma branca,Incerto/Desconhecido,,2,Tentado,22,Dia
2025-BR-5068,Imprensa,10,piraquara,4119509,"Espaço público (rua, praça, parque, bar)",38,Parceiro/coabitante/vínculo sexual emocional,Espancamento/golpes,Sim,,2,Tentado,45,Incerto/Desconhecido
2025-BR-5071,Imprensa,10,ponta grossa,4119905,"Espaço público (rua, praça, parque, bar)",NA,Parceiro/coabitante/vínculo sexual emocional,Espancamento/golpes,Incerto/Desconhecido,,2,Tentado,NA,Dia
2025-BR-5075,Imprensa,10,reserva,4121703,Casa da vítima,33,Ex-companheiro/ex-coabitante,Arma de fogo,Incerto/Desconhecido,1,,Consumado,35,Dia
2025-BR-5084,Imprensa,10,tres barras do parana,4127858,Terreno baldio/depósito lixo,NA,Incerto/Desconhecido,Espancamento/golpes,Incerto/Desconhecido,,2,Tentado,NA,Dia
2025-BR-5260,SINESP,10,bandeirantes,4102406,Incerto/Desconhecido,NA,Incerto/Desconhecido,Incerto/Desconhecido,Incerto/Desconhecido,,2,Tentado,NA,Incerto/Desconhecido
2025-BR-5261,SINESP,10,colombo,4105805,Incerto/Desconhecido,NA,Incerto/Desconhecido,Incerto/Desconhecido,Incerto/Desconhecido,1,,Consumado,NA,Incerto/Desconhecido
2025-BR-5262,SINESP,10,curitiba,4106902,Incerto/Desconhecido,NA,Incerto/Desconhecido,Incerto/Desconhecido,Incerto/Desconhecido,,2,Tentado,NA,Incerto/Desconhecido
2025-BR-5263,SINESP,10,curitiba,4106902,Incerto/Desconhecido,NA,Incerto/Desconhecido,Incerto/Desconhecido,Incerto/Desconhecido,,2,Tentado,NA,Incerto/Desconhecido
2025-BR-5264,SINESP,10,guarapuava,4109401,Incerto/Desconhecido,NA,Incerto/Desconhecido,Incerto/Desconhecido,Incerto/Desconhecido,,2,Tentado,NA,Incerto/Desconhecido
2025-BR-5265,SINESP,10,ibaiti,4109708,Incerto/Desconhecido,NA,Incerto/Desconhecido,Incerto/Desconhecido,Incerto/Desconhecido,,2,Tentado,NA,Incerto/Desconhecido
2025-BR-5266,SINESP,10,palmas,4117602,Incerto/Desconhecido,NA,Incerto/Desconhecido,Incerto/Desconhecido,Incerto/Desconhecido,,2,Tentado,NA,Incerto/Desconhecido
2025-BR-5267,SINESP,10,umuarama,4128104,Incerto/Desconhecido,NA,Incerto/Desconhecido,Incerto/Desconhecido,Incerto/Desconhecido,,2,Tentado,NA,Incerto/Desconhecido
2025-BR-5436,SINESP,2,arapongas,4101507,Incerto/Desconhecido,NA,Incerto/Desconhecido,Incerto/Desconhecido,Incerto/Desconhecido,,2,Tentado,NA,Incerto/Desconhecido
2025-BR-5437,SINESP,2,curitiba,4106902,Incerto/Desconhecido,NA,Incerto/Desconhecido,Incerto/Desconhecido,Incerto/Desconhecido,,2,Tentado,NA,Incerto/Desconhecido
2025-BR-5438,SINESP,3,curitiba,4106902,Incerto/Desconhecido,NA,Incerto/Desconhecido,Incerto/Desconhecido,Incerto/Desconhecido,,2,Tentado,NA,Incerto/Desconhecido
2025-BR-5439,SINESP,4,foz do iguacu,4108304,Incerto/Desconhecido,NA,Incerto/Desconhecido,Incerto/Desconhecido,Incerto/Desconhecido,1,,Consumado,NA,Incerto/Desconhecido
2025-BR-5441,SINESP,2,salto do lontra,4123006,Incerto/Desconhecido,NA,Incerto/Desconhecido,Incerto/Desconhecido,Incerto/Desconhecido,,2,Tentado,NA,Incerto/Desconhecido
2025-BR-5442,SINESP,1,sao jose das palmeiras,4125456,Incerto/Desconhecido,NA,Incerto/Desconhecido,Incerto/Desconhecido,Incerto/Desconhecido,1,,Consumado,NA,Incerto/Desconhecido
2025-BR-5631,SINESP,8,siqueira campos,4126603,Incerto/Desconhecido,NA,Incerto/Desconhecido,Incerto/Desconhecido,Incerto/Desconhecido,1,,Consumado,NA,Incerto/Desconhecido
2025-BR-5694,SINESP,1,jandaia do sul,4112108,Incerto/Desconhecido,NA,Incerto/Desconhecido,Incerto/Desconhecido,Incerto/Desconhecido,1,,Consumado,NA,Incerto/Desconhecido
2025-BR-5695,SINESP,10,piraquara,4119509,Incerto/Desconhecido,NA,Incerto/Desconhecido,Incerto/Desconhecido,Incerto/Desconhecido,1,,Consumado,NA,Incerto/Desconhecido
2025-BR-5732,Imprensa,11,ponta grossa,4119905,Outro,30,Ex-companheiro/ex-coabitante,Arma de fogo,Sim,,2,Tentado,52,Dia
2025-BR-5756,Imprensa,11,paranavai,4118402,Casa da vítima,63,Parceiro/coabitante/vínculo sexual emocional,Arma branca,Incerto/Desconhecido,1,,Consumado,NA,Dia
2025-BR-5782,Imprensa,11,pirai do sul,4119400,Casa da vítima,NA,Parceiro/coabitante/vínculo sexual emocional,Arma de fogo,Incerto/Desconhecido,,2,Tentado,30,Dia
2025-BR-5804,Imprensa,11,guarapuava,4109401,Casa da vítima,53,Parceiro/coabitante/vínculo sexual emocional,Asfixia/Estrangulamento,Incerto/Desconhecido,,2,Tentado,NA,Noite
2025-BR-5805,Imprensa,11,capitao leonidas marques,4104600,"Espaço público (rua, praça, parque, bar)",NA,Parceiro/coabitante/vínculo sexual emocional,Jogada/empurrada de altura,Sim,1,,Consumado,NA,Noite
2025-BR-5816,Imprensa,11,Quedas do Iguaçu,4120903,Casa da vítima,59,Familiar direto,Arma branca,Incerto/Desconhecido,1,,Consumado,20,Noite
2025-BR-5832,Imprensa,11,capitao leonidas marques,4104600,"Espaço público (rua, praça, parque, bar)",26,Incerto/Desconhecido,Arma de fogo,Incerto/Desconhecido,1,,Consumado,39,Dia
2025-BR-5840,Imprensa,11,toledo,4127700,Casa da vítima,37,Parceiro/coabitante/vínculo sexual emocional,Arma branca,Sim,1,,Consumado,27,Dia
2025-BR-5848,Imprensa,11,dois vizinhos,4107207,Casa da vítima,NA,Ex-companheiro/ex-coabitante,Asfixia/Estrangulamento,Sim,,2,Tentado,25,Noite
2025-BR-5856,Imprensa,11,umuarama,4128104,Residência do casal,NA,Parceiro/coabitante/vínculo sexual emocional,Espancamento/golpes,Sim,,2,Tentado,NA,Dia
2025-BR-5859,Imprensa,11,candoi,4104428,Casa da vítima,46,Ex-companheiro/ex-coabitante,Arma branca,Não,1,,Consumado,54,Dia
2025-BR-5974,Imprensa,11,marmeleiro,4115408,Residência do casal,68,Ex-companheiro/ex-coabitante,Espancamento/golpes,Sim,1,,Consumado,74,Dia
2025-BR-5985,Imprensa,11,ortigueira,4117305,Casa da vítima,29,Membro da família por afiliação,Arma de fogo,Sim,1,,Consumado,55,Noite
2025-BR-5998,Imprensa,11,almirante tamandare,4100400,Casa da vítima,49,Familiar direto,Arma branca,Incerto/Desconhecido,1,,Consumado,47,Noite
2025-BR-6024,Imprensa,11,doutor camargo,4107306,"Espaço público (rua, praça, parque, bar)",38,Parceiro/coabitante/vínculo sexual emocional,Arma branca,Incerto/Desconhecido,1,,Consumado,62,Noite
2025-BR-6046,Imprensa,11,maringa,4115200,Casa da vítima,30,Ex-companheiro/ex-coabitante,Arma branca,Incerto/Desconhecido,,2,Tentado,NA,Dia
2025-BR-6210,SINESP,11,cambira,4103800,Incerto/Desconhecido,NA,Incerto/Desconhecido,Incerto/Desconhecido,Incerto/Desconhecido,1,,Consumado,NA,Incerto/Desconhecido
2025-BR-6211,SINESP,11,campina grande do sul,4104006,Incerto/Desconhecido,NA,Incerto/Desconhecido,Incerto/Desconhecido,Incerto/Desconhecido,,2,Tentado,NA,Incerto/Desconhecido
2025-BR-6212,SINESP,11,cascavel,4104808,Incerto/Desconhecido,NA,Incerto/Desconhecido,Incerto/Desconhecido,Incerto/Desconhecido,,2,Tentado,NA,Incerto/Desconhecido
2025-BR-6213,SINESP,11,castro,4104907,Incerto/Desconhecido,NA,Incerto/Desconhecido,Incerto/Desconhecido,Incerto/Desconhecido,,2,Tentado,NA,Incerto/Desconhecido
2025-BR-6214,SINESP,11,curitiba,4106902,Incerto/Desconhecido,NA,Incerto/Desconhecido,Incerto/Desconhecido,Incerto/Desconhecido,,2,Tentado,NA,Incerto/Desconhecido
2025-BR-6215,SINESP,11,faxinal,4107603,Incerto/Desconhecido,NA,Incerto/Desconhecido,Incerto/Desconhecido,Incerto/Desconhecido,,2,Tentado,NA,Incerto/Desconhecido
2025-BR-6216,SINESP,11,inacio martins,4110201,Incerto/Desconhecido,NA,Incerto/Desconhecido,Incerto/Desconhecido,Incerto/Desconhecido,,2,Tentado,NA,Incerto/Desconhecido
2025-BR-6217,SINESP,11,inacio martins,4110201,Incerto/Desconhecido,NA,Incerto/Desconhecido,Incerto/Desconhecido,Incerto/Desconhecido,,2,Tentado,NA,Incerto/Desconhecido
2025-BR-6219,SINESP,11,pontal do parana,4119954,Incerto/Desconhecido,NA,Incerto/Desconhecido,Incerto/Desconhecido,Incerto/Desconhecido,,2,Tentado,NA,Incerto/Desconhecido
2025-BR-6220,SINESP,11,senges,4126306,Incerto/Desconhecido,NA,Incerto/Desconhecido,Incerto/Desconhecido,Incerto/Desconhecido,,2,Tentado,NA,Incerto/Desconhecido
2025-BR-6457,Imprensa,12,almirante tamandare,4100400,"Espaço público (rua, praça, parque, bar)",NA,Ex-companheiro/ex-coabitante,Asfixia/Estrangulamento,Incerto/Desconhecido,,2,Tentado,NA,Dia
2025-BR-6458,Imprensa,12,arapongas,4101507,Instituições de saúde física e mental,NA,Parceiro/coabitante/vínculo sexual emocional,Asfixia/Estrangulamento,Incerto/Desconhecido,,2,Tentado,33,Dia
2025-BR-6459,Imprensa,12,araucaria,4101804,Casa da vítima,44,Ex-companheiro/ex-coabitante,Arma branca,Não,1,,Consumado,44,Incerto/Desconhecido
2025-BR-6460,Imprensa,12,boa vista da aparecida,4103057,Casa da vítima,27,Parceiro/coabitante/vínculo sexual emocional,Arma branca,Incerto/Desconhecido,1,,Consumado,NA,Dia
2025-BR-6461,Imprensa,12,campo mourao,4104303,Casa da vítima,45,Parceiro/coabitante/vínculo sexual emocional,Arma branca,Incerto/Desconhecido,,2,Tentado,NA,Dia
2025-BR-6462,Imprensa,12,campo mourao,4104303,Residência do casal,37,Parceiro/coabitante/vínculo sexual emocional,Fogo ou outros meios combustíveis,Incerto/Desconhecido,1,,Consumado,39,Noite
2025-BR-6463,Imprensa,12,corbelia,4106308,"Espaço público (rua, praça, parque, bar)",NA,Parceiro/coabitante/vínculo sexual emocional,Incerto/Desconhecido,Incerto/Desconhecido,,2,Tentado,NA,Dia
2025-BR-6464,Imprensa,12,curitiba,4106902,"Espaço público (rua, praça, parque, bar)",51,Ex-companheiro/ex-coabitante,Arma branca,Incerto/Desconhecido,1,,Consumado,NA,Dia
2025-BR-6465,Imprensa,12,curitiba,4106902,Casa da vítima,NA,Parceiro/coabitante/vínculo sexual emocional,Arma branca,Sim,1,,Consumado,NA,Noite
2025-BR-6466,Imprensa,12,curitiba,4106902,Casa da vítima,29,Ex-companheiro/ex-coabitante,Arma branca,Incerto/Desconhecido,1,,Consumado,NA,Incerto/Desconhecido
2025-BR-6467,Imprensa,12,curitiba,4106902,"Espaço público (rua, praça, parque, bar)",41,Ex-companheiro/ex-coabitante,Arma branca,Incerto/Desconhecido,1,,Consumado,32,Dia
2025-BR-6468,SINESP,12,curitiba,4106902,Incerto/Desconhecido,NA,Incerto/Desconhecido,Incerto/Desconhecido,Incerto/Desconhecido,,2,Tentado,NA,Incerto/Desconhecido
2025-BR-6469,SINESP,12,curitiba,4106902,Incerto/Desconhecido,NA,Incerto/Desconhecido,Incerto/Desconhecido,Incerto/Desconhecido,,2,Tentado,NA,Incerto/Desconhecido
2025-BR-6470,SINESP,12,curitiba,4106902,Incerto/Desconhecido,NA,Incerto/Desconhecido,Incerto/Desconhecido,Incerto/Desconhecido,,2,Tentado,NA,Incerto/Desconhecido
2025-BR-6471,Imprensa,12,guarapuava,4109401,Residência do casal,NA,Parceiro/coabitante/vínculo sexual emocional,Arma de fogo,Incerto/Desconhecido,,2,Tentado,NA,Incerto/Desconhecido
2025-BR-6472,Imprensa,12,itapejara d'oeste,4111209,"Espaço público (rua, praça, parque, bar)",39,Membro da família por afiliação,Arma branca,Sim,1,,Consumado,33,Noite
2025-BR-6473,Imprensa,12,londrina,4113700,Casa da vítima,19,Ex-companheiro/ex-coabitante,Arma branca,Incerto/Desconhecido,,2,Tentado,16,Incerto/Desconhecido
2025-BR-6474,SINESP,12,luiziana,4113734,Incerto/Desconhecido,NA,Incerto/Desconhecido,Incerto/Desconhecido,Incerto/Desconhecido,,2,Tentado,NA,Incerto/Desconhecido
2025-BR-6674,Imprensa,12,maringa,4115200,Casa da vítima,30,Ex-companheiro/ex-coabitante,Arma de fogo,Incerto/Desconhecido,1,,Consumado,46,Dia
2025-BR-6697,Imprensa,12,marumbi,4115507,"Espaço público (rua, praça, parque, bar)",24,Parceiro/coabitante/vínculo sexual emocional,Espancamento/golpes,Incerto/Desconhecido,1,,Consumado,29,Dia
2025-BR-6739,Imprensa,12,nova laranjeiras,4117057,Outro,NA,Incerto/Desconhecido,Incerto/Desconhecido,Incerto/Desconhecido,1,,Consumado,NA,Incerto/Desconhecido
2025-BR-6740,Imprensa,12,pato branco,4118501,Residência do casal,NA,Parceiro/coabitante/vínculo sexual emocional,Arma branca,Incerto/Desconhecido,,2,Tentado,NA,Noite
2025-BR-6741,Imprensa,12,pinhais,4119152,Casa do agressor,24,Parceiro/coabitante/vínculo sexual emocional,Espancamento/golpes,Incerto/Desconhecido,,2,Tentado,34,Incerto/Desconhecido
2025-BR-6742,Imprensa,12,ponta grossa,4119905,Casa da vítima,NA,Familiar direto,Fogo ou outros meios combustíveis,Incerto/Desconhecido,,2,Tentado,39,Dia
2025-BR-6743,SINESP,12,primeiro de maio,4120507,Incerto/Desconhecido,NA,Incerto/Desconhecido,Incerto/Desconhecido,Incerto/Desconhecido,,2,Tentado,NA,Incerto/Desconhecido
2025-BR-6744,Imprensa,12,prudentopolis,4120606,Outra habitação,25,Parceiro/coabitante/vínculo sexual emocional,Arma de fogo,Sim,,2,Tentado,28,Noite
2025-BR-6776,Imprensa,12,prudentopolis,4120606,Outra habitação,1,Familiar direto,Outros,Não,1,,Consumado,28,Noite
2025-BR-6794,Imprensa,12,prudentopolis,4120606,Outra habitação,11,Membro da família por afiliação,Arma de fogo,Não,,2,Tentado,28,Noite
2025-BR-6806,Imprensa,12,quarto centenario,4120655,"Espaço público (rua, praça, parque, bar)",30,Ex-companheiro/ex-coabitante,Arma branca,Incerto/Desconhecido,,2,Tentado,42,Noite
2025-BR-6840,Imprensa,12,sapopema,4126207,"Espaço público (rua, praça, parque, bar)",23,Parceiro/coabitante/vínculo sexual emocional,Jogada/empurrada de altura,Incerto/Desconhecido,1,,Consumado,NA,Noite
2025-BR-6857,Imprensa,12,sarandi,4126256,"Espaço público (rua, praça, parque, bar)",NA,Ex-companheiro/ex-coabitante,Arma branca,Incerto/Desconhecido,,2,Tentado,NA,Dia
2025-BR-6922,SINESP,12,ventania,4128534,Incerto/Desconhecido,NA,Incerto/Desconhecido,Incerto/Desconhecido,Incerto/Desconhecido,,2,Tentado,NA,Incerto/Desconhecido